phase,vth,polarity,hits,errors
0,0,0,16673,0
0,0,1,16194,0
0,2,0,16556,0
0,2,1,16187,0
0,4,0,16592,0
0,4,1,16097,0
0,6,0,16704,0
0,6,1,16126,0
0,8,0,16572,0
0,8,1,16180,0
0,10,0,16565,0
0,10,1,16208,0
0,12,0,16596,10
0,12,1,16138,28
0,14,0,16666,111
0,14,1,16068,150
0,16,0,16629,469
0,16,1,16017,608
0,18,0,16625,1373
0,18,1,16147,1630
0,20,0,16652,2852
0,20,1,16153,3192
0,22,0,16585,5245
0,22,1,16179,5341
0,24,0,16609,7955
0,24,1,16118,7872
0,26,0,16760,11283
0,26,1,16206,10773
0,28,0,16614,13704
0,28,1,16161,13006
0,30,0,16224,15271
0,30,1,16181,14757
0,32,0,16348,16028
0,32,1,16081,15750
0,34,0,16453,16426
0,34,1,16113,16082
0,36,0,16328,16327
0,36,1,16107,16107
0,38,0,16382,16382
0,38,1,16148,16148
0,40,0,16415,16415
0,40,1,16107,16107
0,42,0,16373,16373
0,42,1,16121,16121
0,44,0,16449,16449
0,44,1,16143,16143
0,46,0,16412,16412
0,46,1,16105,16105
0,48,0,16316,16316
0,48,1,16150,16150
0,50,0,16406,16406
0,50,1,16142,16142
0,52,0,16312,16312
0,52,1,16184,16184
0,54,0,16361,16361
0,54,1,16127,16127
0,56,0,16418,16418
0,56,1,16241,16241
0,58,0,16404,16404
0,58,1,16147,16147
0,60,0,16366,16366
0,60,1,16188,16188
0,62,0,16445,16445
0,62,1,16207,16207
2,0,0,16708,0
2,0,1,16051,0
2,2,0,16622,0
2,2,1,16130,0
2,4,0,16653,0
2,4,1,16020,0
2,6,0,16579,0
2,6,1,16168,0
2,8,0,16527,0
2,8,1,16036,0
2,10,0,16652,1
2,10,1,16091,0
2,12,0,16485,19
2,12,1,16133,15
2,14,0,16572,116
2,14,1,16153,150
2,16,0,16664,547
2,16,1,16159,610
2,18,0,16531,1419
2,18,1,15985,1741
2,20,0,16676,3114
2,20,1,16053,3310
2,22,0,16645,5267
2,22,1,16135,5232
2,24,0,16666,8088
2,24,1,16220,7999
2,26,0,16484,10917
2,26,1,16152,10638
2,28,0,16610,13583
2,28,1,16137,12981
2,30,0,16252,15203
2,30,1,16065,14814
2,32,0,16309,16021
2,32,1,16096,15792
2,34,0,16343,16312
2,34,1,16131,16109
2,36,0,16349,16349
2,36,1,16204,16203
2,38,0,16370,16370
2,38,1,16090,16090
2,40,0,16343,16343
2,40,1,16113,16113
2,42,0,16493,16493
2,42,1,16081,16081
2,44,0,16387,16387
2,44,1,16046,16046
2,46,0,16324,16324
2,46,1,16156,16156
2,48,0,16395,16395
2,48,1,16071,16071
2,50,0,16234,16234
2,50,1,16130,16130
2,52,0,16383,16383
2,52,1,16130,16130
2,54,0,16319,16319
2,54,1,16137,16137
2,56,0,16504,16504
2,56,1,16178,16178
2,58,0,16389,16389
2,58,1,16135,16135
2,60,0,16350,16350
2,60,1,16074,16074
2,62,0,16495,16495
2,62,1,16270,16270
4,0,0,16711,0
4,0,1,16171,0
4,2,0,16723,0
4,2,1,16024,0
4,4,0,16712,0
4,4,1,16132,0
4,6,0,16516,0
4,6,1,16164,0
4,8,0,16717,0
4,8,1,16103,0
4,10,0,16726,3
4,10,1,16221,0
4,12,0,16696,19
4,12,1,16162,15
4,14,0,16539,99
4,14,1,16063,147
4,16,0,16590,446
4,16,1,16121,590
4,18,0,16716,1410
4,18,1,16146,1611
4,20,0,16633,2986
4,20,1,16042,3145
4,22,0,16644,5323
4,22,1,16069,5232
4,24,0,16580,8099
4,24,1,16162,7770
4,26,0,16606,11222
4,26,1,16289,10598
4,28,0,16655,13749
4,28,1,16135,13000
4,30,0,16192,15220
4,30,1,16253,14840
4,32,0,16323,16062
4,32,1,16039,15683
4,34,0,16357,16325
4,34,1,16122,16089
4,36,0,16365,16365
4,36,1,16256,16255
4,38,0,16394,16394
4,38,1,16137,16137
4,40,0,16064,16064
4,40,1,16087,16087
4,42,0,16414,16414
4,42,1,16197,16197
4,44,0,16399,16399
4,44,1,16164,16164
4,46,0,16243,16243
4,46,1,16176,16176
4,48,0,16284,16284
4,48,1,16129,16129
4,50,0,16387,16387
4,50,1,16084,16084
4,52,0,16298,16298
4,52,1,16092,16092
4,54,0,16308,16308
4,54,1,16138,16138
4,56,0,16388,16388
4,56,1,16035,16035
4,58,0,16328,16328
4,58,1,16167,16167
4,60,0,16206,16206
4,60,1,15962,15962
4,62,0,16345,16345
4,62,1,16097,16097
6,0,0,16759,0
6,0,1,16085,0
6,2,0,16749,0
6,2,1,16113,0
6,4,0,16618,0
6,4,1,16138,0
6,6,0,16706,0
6,6,1,16093,0
6,8,0,16613,0
6,8,1,15974,0
6,10,0,16575,0
6,10,1,16121,0
6,12,0,16532,19
6,12,1,16129,24
6,14,0,16634,107
6,14,1,16087,134
6,16,0,16582,475
6,16,1,16079,608
6,18,0,16635,1373
6,18,1,16121,1566
6,20,0,16827,2897
6,20,1,16107,3198
6,22,0,16665,5208
6,22,1,16173,5382
6,24,0,16641,8239
6,24,1,16061,7800
6,26,0,16648,11167
6,26,1,15983,10576
6,28,0,16512,13710
6,28,1,16249,13216
6,30,0,16268,15205
6,30,1,16190,14729
6,32,0,16394,16113
6,32,1,16056,15643
6,34,0,16277,16242
6,34,1,16073,16045
6,36,0,16384,16384
6,36,1,16204,16204
6,38,0,16444,16444
6,38,1,15996,15996
6,40,0,16373,16373
6,40,1,16011,16011
6,42,0,16437,16437
6,42,1,16065,16065
6,44,0,16429,16429
6,44,1,16066,16066
6,46,0,16197,16197
6,46,1,16123,16123
6,48,0,16400,16400
6,48,1,16051,16051
6,50,0,16371,16371
6,50,1,16100,16100
6,52,0,16331,16331
6,52,1,16081,16081
6,54,0,16364,16364
6,54,1,16162,16162
6,56,0,16347,16347
6,56,1,16089,16089
6,58,0,16253,16253
6,58,1,16124,16124
6,60,0,16403,16403
6,60,1,16099,16099
6,62,0,16491,16491
6,62,1,16106,16106
8,0,0,16761,0
8,0,1,16076,0
8,2,0,16676,0
8,2,1,16074,0
8,4,0,16683,0
8,4,1,16206,0
8,6,0,16680,0
8,6,1,16184,0
8,8,0,16687,0
8,8,1,16135,0
8,10,0,16634,2
8,10,1,16113,0
8,12,0,16736,24
8,12,1,16025,23
8,14,0,16741,127
8,14,1,16125,146
8,16,0,16645,452
8,16,1,16123,602
8,18,0,16644,1351
8,18,1,16086,1607
8,20,0,16663,2942
8,20,1,16067,3210
8,22,0,16565,5246
8,22,1,16189,5313
8,24,0,16666,8280
8,24,1,16203,7780
8,26,0,16718,11028
8,26,1,16215,10494
8,28,0,16569,13499
8,28,1,16114,12941
8,30,0,16339,15226
8,30,1,16088,14816
8,32,0,16328,16066
8,32,1,16072,15728
8,34,0,16339,16326
8,34,1,16127,16091
8,36,0,16336,16336
8,36,1,16131,16131
8,38,0,16378,16378
8,38,1,16188,16188
8,40,0,16383,16383
8,40,1,15995,15995
8,42,0,16255,16255
8,42,1,16134,16134
8,44,0,16325,16325
8,44,1,16143,16143
8,46,0,16343,16343
8,46,1,16202,16202
8,48,0,16372,16372
8,48,1,16108,16108
8,50,0,16373,16373
8,50,1,16225,16225
8,52,0,16442,16442
8,52,1,16128,16128
8,54,0,16431,16431
8,54,1,16095,16095
8,56,0,16307,16307
8,56,1,16123,16123
8,58,0,16449,16449
8,58,1,16092,16092
8,60,0,16434,16434
8,60,1,16081,16081
8,62,0,16400,16400
8,62,1,16127,16127
10,0,0,16535,0
10,0,1,16130,0
10,2,0,16675,0
10,2,1,16216,0
10,4,0,16578,0
10,4,1,16174,0
10,6,0,16575,0
10,6,1,16200,0
10,8,0,16494,0
10,8,1,16084,0
10,10,0,16582,1
10,10,1,16050,1
10,12,0,16640,15
10,12,1,16120,17
10,14,0,16567,128
10,14,1,16162,131
10,16,0,16531,439
10,16,1,16246,555
10,18,0,16696,1406
10,18,1,16135,1656
10,20,0,16572,3027
10,20,1,16196,3102
10,22,0,16613,5151
10,22,1,16170,5334
10,24,0,16617,8088
10,24,1,16117,7867
10,26,0,16514,11105
10,26,1,16212,10668
10,28,0,16675,13697
10,28,1,16003,12829
10,30,0,16432,15456
10,30,1,16105,14848
10,32,0,16394,16138
10,32,1,16111,15759
10,34,0,16260,16220
10,34,1,16186,16138
10,36,0,16328,16328
10,36,1,16055,16055
10,38,0,16473,16473
10,38,1,16123,16123
10,40,0,16251,16251
10,40,1,16004,16004
10,42,0,16407,16407
10,42,1,16219,16219
10,44,0,16423,16423
10,44,1,16129,16129
10,46,0,16335,16335
10,46,1,16149,16149
10,48,0,16334,16334
10,48,1,16033,16033
10,50,0,16304,16304
10,50,1,16150,16150
10,52,0,16370,16370
10,52,1,16185,16185
10,54,0,16257,16257
10,54,1,16017,16017
10,56,0,16257,16257
10,56,1,16119,16119
10,58,0,16391,16391
10,58,1,16041,16041
10,60,0,16432,16432
10,60,1,16054,16054
10,62,0,16341,16341
10,62,1,16120,16120
12,0,0,16610,0
12,0,1,16157,0
12,2,0,16714,0
12,2,1,16197,0
12,4,0,16669,0
12,4,1,16158,0
12,6,0,16628,0
12,6,1,16177,0
12,8,0,16638,0
12,8,1,16094,0
12,10,0,16632,2
12,10,1,16134,0
12,12,0,16580,15
12,12,1,16107,25
12,14,0,16636,154
12,14,1,16040,149
12,16,0,16628,464
12,16,1,15957,583
12,18,0,16572,1416
12,18,1,16088,1529
12,20,0,16809,2989
12,20,1,16168,3160
12,22,0,16622,4878
12,22,1,16109,4894
12,24,0,16673,8048
12,24,1,16249,7908
12,26,0,16644,10961
12,26,1,16036,10499
12,28,0,16738,13681
12,28,1,16241,13065
12,30,0,16237,15111
12,30,1,16082,14642
12,32,0,16369,16095
12,32,1,16023,15695
12,34,0,16429,16402
12,34,1,16193,16172
12,36,0,16574,16574
12,36,1,16149,16148
12,38,0,16181,16181
12,38,1,16166,16166
12,40,0,16296,16296
12,40,1,16157,16157
12,42,0,16365,16365
12,42,1,16105,16105
12,44,0,16353,16353
12,44,1,16120,16120
12,46,0,16194,16194
12,46,1,16309,16309
12,48,0,16345,16345
12,48,1,16161,16161
12,50,0,16304,16304
12,50,1,16087,16087
12,52,0,16427,16427
12,52,1,16071,16071
12,54,0,16380,16380
12,54,1,16133,16133
12,56,0,16370,16370
12,56,1,16172,16172
12,58,0,16394,16394
12,58,1,16171,16171
12,60,0,16235,16235
12,60,1,16200,16200
12,62,0,16298,16298
12,62,1,16100,16100
14,0,0,16521,0
14,0,1,16227,0
14,2,0,16788,0
14,2,1,16238,0
14,4,0,16619,0
14,4,1,16206,0
14,6,0,16743,0
14,6,1,16134,0
14,8,0,16627,0
14,8,1,16076,0
14,10,0,16503,3
14,10,1,16091,1
14,12,0,16749,27
14,12,1,15988,18
14,14,0,16697,104
14,14,1,16152,157
14,16,0,16734,501
14,16,1,16183,596
14,18,0,16628,1343
14,18,1,16040,1581
14,20,0,16687,2948
14,20,1,16190,3228
14,22,0,16685,5168
14,22,1,16227,5275
14,24,0,16656,8166
14,24,1,16136,7863
14,26,0,16555,11080
14,26,1,16016,10577
14,28,0,16599,13478
14,28,1,16109,12974
14,30,0,16360,15218
14,30,1,16063,14722
14,32,0,16288,16022
14,32,1,16147,15843
14,34,0,16274,16250
14,34,1,16188,16159
14,36,0,16424,16424
14,36,1,16053,16053
14,38,0,16376,16376
14,38,1,16029,16029
14,40,0,16364,16364
14,40,1,16166,16166
14,42,0,16431,16431
14,42,1,16110,16110
14,44,0,16399,16399
14,44,1,16159,16159
14,46,0,16163,16163
14,46,1,16174,16174
14,48,0,16324,16324
14,48,1,16181,16181
14,50,0,16353,16353
14,50,1,16182,16182
14,52,0,16325,16325
14,52,1,16042,16042
14,54,0,16243,16243
14,54,1,16127,16127
14,56,0,16357,16357
14,56,1,16173,16173
14,58,0,16402,16402
14,58,1,16075,16075
14,60,0,16411,16411
14,60,1,16027,16027
14,62,0,16418,16418
14,62,1,16030,16030
16,0,0,16727,0
16,0,1,15998,0
16,2,0,16666,0
16,2,1,16215,0
16,4,0,16602,0
16,4,1,16185,0
16,6,0,16563,0
16,6,1,16080,0
16,8,0,16556,0
16,8,1,16188,0
16,10,0,16617,0
16,10,1,16136,1
16,12,0,16673,12
16,12,1,16152,22
16,14,0,16539,132
16,14,1,16051,137
16,16,0,16687,472
16,16,1,16087,635
16,18,0,16479,1534
16,18,1,16205,1731
16,20,0,16634,3022
16,20,1,16180,3385
16,22,0,16535,5236
16,22,1,16142,5418
16,24,0,16674,8096
16,24,1,16041,7950
16,26,0,16674,11168
16,26,1,16042,10623
16,28,0,16632,13702
16,28,1,16075,13028
16,30,0,16385,15233
16,30,1,16136,14812
16,32,0,16465,16188
16,32,1,16136,15870
16,34,0,16312,16288
16,34,1,16143,16127
16,36,0,16314,16314
16,36,1,16091,16090
16,38,0,16224,16224
16,38,1,16174,16174
16,40,0,16340,16340
16,40,1,16138,16138
16,42,0,16453,16453
16,42,1,16113,16113
16,44,0,16397,16397
16,44,1,16088,16088
16,46,0,16314,16314
16,46,1,16150,16150
16,48,0,16399,16399
16,48,1,16067,16067
16,50,0,16389,16389
16,50,1,16272,16272
16,52,0,16281,16281
16,52,1,16066,16066
16,54,0,16330,16330
16,54,1,16124,16124
16,56,0,16402,16402
16,56,1,16169,16169
16,58,0,16317,16317
16,58,1,16133,16133
16,60,0,16482,16482
16,60,1,16140,16140
16,62,0,16337,16337
16,62,1,16192,16192
18,0,0,16626,0
18,0,1,16141,0
18,2,0,16760,0
18,2,1,16128,0
18,4,0,16648,0
18,4,1,16113,0
18,6,0,16720,0
18,6,1,16147,0
18,8,0,16668,0
18,8,1,16120,0
18,10,0,16642,0
18,10,1,16225,1
18,12,0,16628,22
18,12,1,16034,18
18,14,0,16580,134
18,14,1,16078,147
18,16,0,16655,482
18,16,1,16125,611
18,18,0,16589,1338
18,18,1,16130,1827
18,20,0,16612,3039
18,20,1,16066,3364
18,22,0,16625,5363
18,22,1,16101,5397
18,24,0,16751,8277
18,24,1,16191,7913
18,26,0,16579,11077
18,26,1,16031,10564
18,28,0,16235,13583
18,28,1,16108,12955
18,30,0,16373,15315
18,30,1,16235,14912
18,32,0,16417,16106
18,32,1,16178,15871
18,34,0,16387,16356
18,34,1,16072,16034
18,36,0,16354,16354
18,36,1,16217,16216
18,38,0,16416,16416
18,38,1,16143,16143
18,40,0,16400,16400
18,40,1,16259,16259
18,42,0,16284,16284
18,42,1,16249,16249
18,44,0,16307,16307
18,44,1,16128,16128
18,46,0,16424,16424
18,46,1,16084,16084
18,48,0,16380,16380
18,48,1,16200,16200
18,50,0,16350,16350
18,50,1,16224,16224
18,52,0,16443,16443
18,52,1,16275,16275
18,54,0,16362,16362
18,54,1,16102,16102
18,56,0,16408,16408
18,56,1,16122,16122
18,58,0,16320,16320
18,58,1,16189,16189
18,60,0,16337,16337
18,60,1,16309,16309
18,62,0,16465,16465
18,62,1,16126,16126
20,0,0,16685,0
20,0,1,16091,0
20,2,0,16710,0
20,2,1,16115,0
20,4,0,16737,0
20,4,1,16069,0
20,6,0,16695,0
20,6,1,16146,0
20,8,0,16633,0
20,8,1,16097,0
20,10,0,16648,3
20,10,1,16128,1
20,12,0,16472,20
20,12,1,16106,24
20,14,0,16516,101
20,14,1,16071,137
20,16,0,16721,470
20,16,1,16194,601
20,18,0,16679,1399
20,18,1,16140,1616
20,20,0,16534,2957
20,20,1,16117,3109
20,22,0,16593,5202
20,22,1,16016,5264
20,24,0,16670,7983
20,24,1,16130,7776
20,26,0,16553,11035
20,26,1,16158,10568
20,28,0,16285,13689
20,28,1,16238,13105
20,30,0,16230,15237
20,30,1,16040,14550
20,32,0,16304,16008
20,32,1,16083,15720
20,34,0,16336,16303
20,34,1,16152,16124
20,36,0,16352,16352
20,36,1,16150,16148
20,38,0,16422,16422
20,38,1,16109,16109
20,40,0,16459,16459
20,40,1,16091,16091
20,42,0,16303,16303
20,42,1,16138,16138
20,44,0,16326,16326
20,44,1,16188,16188
20,46,0,16260,16260
20,46,1,15985,15985
20,48,0,16404,16404
20,48,1,16103,16103
20,50,0,16543,16543
20,50,1,16238,16238
20,52,0,16500,16500
20,52,1,16010,16010
20,54,0,16388,16388
20,54,1,16079,16079
20,56,0,16409,16409
20,56,1,15969,15969
20,58,0,16287,16287
20,58,1,16113,16113
20,60,0,16404,16404
20,60,1,16090,16090
20,62,0,16426,16426
20,62,1,16097,16097
22,0,0,16694,0
22,0,1,16117,0
22,2,0,16629,0
22,2,1,16100,0
22,4,0,16587,0
22,4,1,16078,0
22,6,0,16568,0
22,6,1,16044,0
22,8,0,16665,0
22,8,1,16112,0
22,10,0,16583,0
22,10,1,16227,0
22,12,0,16616,12
22,12,1,16134,16
22,14,0,16714,91
22,14,1,16172,137
22,16,0,16649,427
22,16,1,16215,552
22,18,0,16583,1425
22,18,1,16083,1659
22,20,0,16588,3021
22,20,1,16128,3139
22,22,0,16582,5289
22,22,1,16173,5190
22,24,0,16502,8063
22,24,1,16123,7789
22,26,0,16579,10915
22,26,1,16049,10700
22,28,0,16557,13605
22,28,1,16149,12990
22,30,0,16297,15193
22,30,1,16073,14768
22,32,0,16353,16064
22,32,1,16071,15758
22,34,0,16407,16383
22,34,1,16225,16202
22,36,0,16382,16382
22,36,1,16232,16232
22,38,0,16354,16354
22,38,1,16107,16107
22,40,0,16336,16336
22,40,1,16082,16082
22,42,0,16455,16455
22,42,1,16120,16120
22,44,0,16380,16380
22,44,1,16176,16176
22,46,0,16356,16356
22,46,1,16065,16065
22,48,0,16272,16272
22,48,1,16128,16128
22,50,0,16359,16359
22,50,1,16252,16252
22,52,0,16431,16431
22,52,1,16140,16140
22,54,0,16394,16394
22,54,1,16031,16031
22,56,0,16371,16371
22,56,1,16085,16085
22,58,0,16466,16466
22,58,1,16217,16217
22,60,0,16383,16383
22,60,1,15994,15994
22,62,0,16349,16349
22,62,1,16117,16117
24,0,0,16664,0
24,0,1,16125,0
24,2,0,16592,0
24,2,1,16072,0
24,4,0,16640,0
24,4,1,16162,0
24,6,0,16715,0
24,6,1,16118,0
24,8,0,16664,0
24,8,1,16056,0
24,10,0,16564,1
24,10,1,16139,0
24,12,0,16660,23
24,12,1,16125,18
24,14,0,16547,110
24,14,1,16104,138
24,16,0,16750,488
24,16,1,16210,584
24,18,0,16846,1374
24,18,1,16169,1629
24,20,0,16567,2855
24,20,1,16207,3286
24,22,0,16658,5327
24,22,1,16105,5480
24,24,0,16765,8289
24,24,1,16106,7776
24,26,0,16615,11123
24,26,1,16119,10557
24,28,0,16610,13556
24,28,1,16158,13214
24,30,0,16441,15256
24,30,1,16097,14700
24,32,0,16303,16006
24,32,1,16119,15765
24,34,0,16430,16394
24,34,1,16171,16149
24,36,0,16388,16387
24,36,1,16156,16156
24,38,0,16429,16429
24,38,1,16102,16102
24,40,0,16252,16252
24,40,1,16073,16073
24,42,0,16399,16399
24,42,1,16151,16151
24,44,0,16301,16301
24,44,1,16121,16121
24,46,0,16456,16456
24,46,1,16091,16091
24,48,0,16385,16385
24,48,1,16242,16242
24,50,0,16381,16381
24,50,1,16207,16207
24,52,0,16359,16359
24,52,1,16074,16074
24,54,0,16332,16332
24,54,1,16096,16096
24,56,0,16399,16399
24,56,1,16067,16067
24,58,0,16424,16424
24,58,1,16138,16138
24,60,0,16381,16381
24,60,1,16191,16191
24,62,0,16408,16408
24,62,1,16127,16127
26,0,0,16830,0
26,0,1,16085,0
26,2,0,16751,0
26,2,1,16043,0
26,4,0,16684,0
26,4,1,16300,0
26,6,0,16643,0
26,6,1,16222,0
26,8,0,16611,0
26,8,1,16126,0
26,10,0,16707,1
26,10,1,16197,0
26,12,0,16660,21
26,12,1,16178,20
26,14,0,16594,104
26,14,1,16119,151
26,16,0,16621,485
26,16,1,16058,627
26,18,0,16551,1414
26,18,1,16013,1743
26,20,0,16762,2994
26,20,1,16160,3222
26,22,0,16583,5277
26,22,1,16089,5427
26,24,0,16678,8302
26,24,1,16089,7870
26,26,0,16670,11400
26,26,1,16213,10931
26,28,0,16348,13693
26,28,1,16280,13246
26,30,0,16555,15421
26,30,1,16151,14889
26,32,0,16378,16144
26,32,1,16031,15687
26,34,0,16380,16355
26,34,1,16182,16159
26,36,0,16326,16326
26,36,1,16145,16145
26,38,0,16518,16518
26,38,1,16193,16193
26,40,0,16441,16441
26,40,1,16196,16196
26,42,0,16320,16320
26,42,1,15998,15998
26,44,0,16342,16342
26,44,1,16089,16089
26,46,0,16448,16448
26,46,1,16103,16103
26,48,0,16414,16414
26,48,1,16119,16119
26,50,0,16343,16343
26,50,1,16119,16119
26,52,0,16333,16333
26,52,1,16150,16150
26,54,0,16410,16410
26,54,1,16109,16109
26,56,0,16362,16362
26,56,1,16150,16150
26,58,0,16493,16493
26,58,1,16090,16090
26,60,0,16426,16426
26,60,1,16126,16126
26,62,0,16410,16410
26,62,1,16083,16083
28,0,0,16537,0
28,0,1,16190,0
28,2,0,16662,0
28,2,1,16062,0
28,4,0,16553,0
28,4,1,16146,0
28,6,0,16658,0
28,6,1,16232,0
28,8,0,16535,0
28,8,1,16262,0
28,10,0,16618,1
28,10,1,16079,2
28,12,0,16691,17
28,12,1,16074,20
28,14,0,16729,115
28,14,1,16266,146
28,16,0,16734,449
28,16,1,16229,590
28,18,0,16614,1477
28,18,1,16128,1611
28,20,0,16707,2992
28,20,1,16115,3241
28,22,0,16714,5250
28,22,1,16079,5293
28,24,0,16626,8256
28,24,1,16165,7940
28,26,0,16532,11175
28,26,1,16080,10758
28,28,0,16740,13988
28,28,1,16051,12916
28,30,0,16413,15358
28,30,1,16104,14923
28,32,0,16437,16187
28,32,1,16220,15912
28,34,0,16358,16334
28,34,1,16096,16078
28,36,0,16360,16359
28,36,1,16168,16168
28,38,0,16254,16254
28,38,1,16093,16093
28,40,0,16393,16393
28,40,1,16006,16006
28,42,0,16426,16426
28,42,1,16148,16148
28,44,0,16494,16494
28,44,1,16234,16234
28,46,0,16418,16418
28,46,1,16220,16220
28,48,0,16323,16323
28,48,1,16074,16074
28,50,0,16481,16481
28,50,1,16240,16240
28,52,0,16343,16343
28,52,1,16117,16117
28,54,0,16242,16242
28,54,1,16163,16163
28,56,0,16344,16344
28,56,1,16176,16176
28,58,0,16432,16432
28,58,1,16017,16017
28,60,0,16522,16522
28,60,1,16167,16167
28,62,0,16449,16449
28,62,1,16131,16131
30,0,0,16587,0
30,0,1,16195,0
30,2,0,16591,0
30,2,1,15967,0
30,4,0,16593,0
30,4,1,16120,0
30,6,0,16560,0
30,6,1,16124,0
30,8,0,16680,0
30,8,1,16010,0
30,10,0,16585,1
30,10,1,15986,0
30,12,0,16644,14
30,12,1,16215,25
30,14,0,16600,93
30,14,1,16047,144
30,16,0,16725,469
30,16,1,15994,600
30,18,0,16607,1429
30,18,1,16095,1645
30,20,0,16638,2843
30,20,1,16133,3320
30,22,0,16701,5257
30,22,1,16163,5336
30,24,0,16671,7959
30,24,1,16138,8110
30,26,0,16610,10909
30,26,1,16156,10824
30,28,0,16329,13675
30,28,1,16126,12882
30,30,0,16387,15268
30,30,1,16103,14754
30,32,0,16166,15917
30,32,1,16213,15911
30,34,0,16114,16088
30,34,1,16080,16061
30,36,0,16479,16479
30,36,1,16109,16109
30,38,0,16317,16317
30,38,1,16138,16138
30,40,0,16308,16308
30,40,1,16241,16241
30,42,0,16416,16416
30,42,1,15990,15990
30,44,0,16319,16319
30,44,1,16117,16117
30,46,0,16372,16372
30,46,1,16197,16197
30,48,0,16391,16391
30,48,1,16067,16067
30,50,0,16598,16598
30,50,1,16194,16194
30,52,0,16416,16416
30,52,1,16154,16154
30,54,0,16313,16313
30,54,1,16256,16256
30,56,0,16430,16430
30,56,1,16128,16128
30,58,0,16482,16482
30,58,1,16060,16060
30,60,0,16445,16445
30,60,1,16194,16194
30,62,0,16293,16293
30,62,1,16106,16106
32,0,0,16642,0
32,0,1,16068,0
32,2,0,16583,0
32,2,1,16095,0
32,4,0,16603,0
32,4,1,15998,0
32,6,0,16652,0
32,6,1,16184,0
32,8,0,16671,0
32,8,1,16137,0
32,10,0,16591,5
32,10,1,16261,0
32,12,0,16677,21
32,12,1,16115,22
32,14,0,16601,125
32,14,1,16196,146
32,16,0,16635,490
32,16,1,16108,573
32,18,0,16614,1423
32,18,1,16057,1462
32,20,0,16634,2959
32,20,1,16011,3061
32,22,0,16672,5106
32,22,1,16057,5171
32,24,0,16656,7922
32,24,1,16057,7748
32,26,0,16574,10894
32,26,1,16162,10768
32,28,0,16635,13580
32,28,1,16114,12707
32,30,0,16369,15271
32,30,1,16166,14764
32,32,0,16328,16039
32,32,1,15985,15666
32,34,0,16376,16339
32,34,1,16089,16058
32,36,0,16405,16405
32,36,1,16128,16128
32,38,0,16397,16397
32,38,1,16125,16125
32,40,0,16365,16365
32,40,1,16088,16088
32,42,0,16329,16329
32,42,1,16125,16125
32,44,0,16254,16254
32,44,1,16155,16155
32,46,0,16533,16533
32,46,1,16130,16130
32,48,0,16321,16321
32,48,1,16257,16257
32,50,0,16331,16331
32,50,1,16194,16194
32,52,0,16463,16463
32,52,1,16257,16257
32,54,0,16422,16422
32,54,1,16188,16188
32,56,0,16433,16433
32,56,1,16190,16190
32,58,0,16283,16283
32,58,1,16021,16021
32,60,0,16324,16324
32,60,1,16174,16174
32,62,0,16489,16489
32,62,1,16097,16097
34,0,0,16657,0
34,0,1,16121,0
34,2,0,16627,0
34,2,1,16034,0
34,4,0,16682,0
34,4,1,16212,0
34,6,0,16682,0
34,6,1,16163,0
34,8,0,16669,0
34,8,1,16183,0
34,10,0,16616,1
34,10,1,16077,1
34,12,0,16756,19
34,12,1,16198,18
34,14,0,16646,99
34,14,1,16219,144
34,16,0,16647,466
34,16,1,16040,660
34,18,0,16667,1391
34,18,1,16184,1625
34,20,0,16650,3026
34,20,1,16194,3239
34,22,0,16613,5135
34,22,1,16234,5310
34,24,0,16713,8009
34,24,1,16112,7757
34,26,0,16536,11046
34,26,1,16183,10618
34,28,0,16705,13666
34,28,1,16144,13029
34,30,0,16415,15280
34,30,1,16135,14753
34,32,0,16411,16159
34,32,1,16211,15922
34,34,0,16439,16412
34,34,1,16044,16022
34,36,0,16415,16415
34,36,1,16150,16150
34,38,0,16445,16445
34,38,1,16215,16215
34,40,0,16480,16480
34,40,1,16235,16235
34,42,0,16459,16459
34,42,1,16164,16164
34,44,0,16410,16410
34,44,1,16242,16242
34,46,0,16348,16348
34,46,1,16214,16214
34,48,0,16407,16407
34,48,1,16161,16161
34,50,0,16428,16428
34,50,1,16120,16120
34,52,0,16421,16421
34,52,1,15987,15987
34,54,0,16284,16284
34,54,1,16152,16152
34,56,0,16315,16315
34,56,1,16163,16163
34,58,0,16430,16430
34,58,1,16080,16080
34,60,0,16407,16407
34,60,1,16256,16256
34,62,0,16248,16248
34,62,1,16316,16316
36,0,0,16628,0
36,0,1,16083,0
36,2,0,16670,0
36,2,1,16081,0
36,4,0,16703,0
36,4,1,16259,0
36,6,0,16601,0
36,6,1,16100,0
36,8,0,16538,0
36,8,1,16274,0
36,10,0,16639,1
36,10,1,16119,1
36,12,0,16642,21
36,12,1,16214,28
36,14,0,16644,111
36,14,1,16175,151
36,16,0,16644,517
36,16,1,16180,670
36,18,0,16628,1474
36,18,1,15974,1628
36,20,0,16665,2974
36,20,1,16063,3138
36,22,0,16551,5369
36,22,1,16159,5426
36,24,0,16621,8283
36,24,1,16143,7954
36,26,0,16703,11187
36,26,1,16240,10772
36,28,0,16634,13815
36,28,1,16187,12888
36,30,0,16400,15298
36,30,1,16204,14926
36,32,0,16445,16180
36,32,1,16023,15754
36,34,0,16401,16379
36,34,1,16033,16003
36,36,0,16342,16342
36,36,1,16062,16061
36,38,0,16474,16474
36,38,1,16195,16195
36,40,0,16320,16320
36,40,1,16070,16070
36,42,0,16329,16329
36,42,1,16061,16061
36,44,0,16312,16312
36,44,1,16189,16189
36,46,0,16527,16527
36,46,1,15981,15981
36,48,0,16265,16265
36,48,1,16186,16186
36,50,0,16405,16405
36,50,1,16112,16112
36,52,0,16306,16306
36,52,1,16190,16190
36,54,0,16330,16330
36,54,1,16067,16067
36,56,0,16195,16195
36,56,1,16096,16096
36,58,0,16310,16310
36,58,1,16185,16185
36,60,0,16545,16545
36,60,1,16089,16089
36,62,0,16464,16464
36,62,1,16283,16283
38,0,0,16601,0
38,0,1,16163,0
38,2,0,16668,0
38,2,1,16145,0
38,4,0,16550,0
38,4,1,16105,0
38,6,0,16572,0
38,6,1,16160,0
38,8,0,16558,0
38,8,1,16120,0
38,10,0,16692,1
38,10,1,16070,0
38,12,0,16657,10
38,12,1,16009,23
38,14,0,16638,100
38,14,1,16074,133
38,16,0,16744,492
38,16,1,16183,586
38,18,0,16592,1416
38,18,1,16181,1628
38,20,0,16636,2906
38,20,1,16105,3314
38,22,0,16586,5015
38,22,1,16165,5353
38,24,0,16643,8153
38,24,1,15988,7812
38,26,0,16632,11048
38,26,1,16096,10561
38,28,0,16575,13796
38,28,1,16052,13061
38,30,0,16295,15182
38,30,1,16134,14806
38,32,0,16441,16186
38,32,1,16137,15825
38,34,0,16257,16220
38,34,1,16124,16110
38,36,0,16169,16169
38,36,1,16125,16125
38,38,0,16371,16371
38,38,1,16125,16125
38,40,0,16374,16374
38,40,1,16217,16217
38,42,0,16381,16381
38,42,1,16198,16198
38,44,0,16447,16447
38,44,1,16094,16094
38,46,0,16263,16263
38,46,1,16074,16074
38,48,0,16257,16257
38,48,1,15988,15988
38,50,0,16473,16473
38,50,1,16109,16109
38,52,0,16343,16343
38,52,1,16290,16290
38,54,0,16301,16301
38,54,1,16082,16082
38,56,0,16388,16388
38,56,1,16037,16037
38,58,0,16324,16324
38,58,1,16138,16138
38,60,0,16515,16515
38,60,1,16244,16244
38,62,0,16404,16404
38,62,1,16218,16218
40,0,0,16635,0
40,0,1,16159,0
40,2,0,16669,0
40,2,1,16029,0
40,4,0,16547,0
40,4,1,15993,0
40,6,0,16745,0
40,6,1,16082,0
40,8,0,16606,0
40,8,1,16163,0
40,10,0,16638,2
40,10,1,16173,0
40,12,0,16583,19
40,12,1,16015,30
40,14,0,16619,129
40,14,1,16068,147
40,16,0,16695,425
40,16,1,16184,529
40,18,0,16665,1362
40,18,1,16079,1586
40,20,0,16674,2869
40,20,1,16096,3266
40,22,0,16663,5055
40,22,1,16051,5478
40,24,0,16683,8097
40,24,1,16052,7947
40,26,0,16567,10879
40,26,1,16260,10802
40,28,0,16720,13592
40,28,1,16132,13083
40,30,0,16475,15288
40,30,1,16127,14746
40,32,0,16417,16120
40,32,1,16126,15765
40,34,0,16392,16363
40,34,1,16045,16024
40,36,0,16396,16396
40,36,1,16199,16197
40,38,0,16298,16298
40,38,1,16107,16107
40,40,0,16354,16354
40,40,1,16117,16117
40,42,0,16336,16336
40,42,1,16211,16211
40,44,0,16347,16347
40,44,1,16135,16135
40,46,0,16397,16397
40,46,1,16029,16029
40,48,0,16342,16342
40,48,1,16055,16055
40,50,0,16550,16550
40,50,1,16108,16108
40,52,0,16347,16347
40,52,1,16153,16153
40,54,0,16385,16385
40,54,1,16112,16112
40,56,0,16389,16389
40,56,1,16140,16140
40,58,0,16375,16375
40,58,1,16137,16137
40,60,0,16407,16407
40,60,1,16103,16103
40,62,0,16344,16344
40,62,1,15972,15972
42,0,0,16752,0
42,0,1,16258,0
42,2,0,16596,0
42,2,1,16061,0
42,4,0,16665,0
42,4,1,16090,0
42,6,0,16519,0
42,6,1,15976,0
42,8,0,16666,0
42,8,1,16048,0
42,10,0,16713,0
42,10,1,16242,0
42,12,0,16661,25
42,12,1,16160,12
42,14,0,16625,110
42,14,1,16255,126
42,16,0,16683,449
42,16,1,16043,570
42,18,0,16672,1330
42,18,1,16123,1683
42,20,0,16583,2845
42,20,1,16091,3086
42,22,0,16639,5360
42,22,1,16150,5274
42,24,0,16571,8153
42,24,1,16195,7902
42,26,0,16632,11014
42,26,1,16247,10648
42,28,0,16592,13435
42,28,1,16020,12876
42,30,0,16565,15508
42,30,1,16100,14743
42,32,0,16306,16008
42,32,1,16210,15891
42,34,0,16346,16327
42,34,1,16115,16089
42,36,0,16143,16143
42,36,1,16120,16120
42,38,0,16262,16262
42,38,1,16177,16177
42,40,0,16408,16408
42,40,1,16099,16099
42,42,0,16241,16241
42,42,1,16085,16085
42,44,0,16271,16271
42,44,1,16272,16272
42,46,0,16322,16322
42,46,1,16051,16051
42,48,0,16278,16278
42,48,1,16184,16184
42,50,0,16422,16422
42,50,1,16110,16110
42,52,0,16361,16361
42,52,1,16183,16183
42,54,0,16241,16241
42,54,1,16145,16145
42,56,0,16373,16373
42,56,1,16129,16129
42,58,0,16434,16434
42,58,1,16141,16141
42,60,0,16498,16498
42,60,1,16041,16041
42,62,0,16266,16266
42,62,1,16131,16131
44,0,0,16588,0
44,0,1,16132,0
44,2,0,16647,0
44,2,1,16110,0
44,4,0,16598,0
44,4,1,15975,0
44,6,0,16720,0
44,6,1,16272,0
44,8,0,16657,0
44,8,1,16054,0
44,10,0,16675,0
44,10,1,16178,1
44,12,0,16668,22
44,12,1,16128,20
44,14,0,16614,122
44,14,1,16074,138
44,16,0,16565,455
44,16,1,16068,566
44,18,0,16683,1386
44,18,1,16005,1647
44,20,0,16750,2882
44,20,1,16172,3243
44,22,0,16709,5092
44,22,1,16257,5386
44,24,0,16611,7980
44,24,1,16088,7880
44,26,0,16670,10937
44,26,1,16206,10804
44,28,0,16567,13437
44,28,1,16176,13067
44,30,0,16309,15308
44,30,1,16108,14737
44,32,0,16592,16302
44,32,1,16209,15892
44,34,0,16328,16300
44,34,1,16159,16133
44,36,0,16271,16271
44,36,1,16031,16031
44,38,0,16421,16421
44,38,1,16211,16211
44,40,0,16318,16318
44,40,1,16209,16209
44,42,0,16296,16296
44,42,1,16023,16023
44,44,0,16285,16285
44,44,1,16159,16159
44,46,0,16495,16495
44,46,1,16011,16011
44,48,0,16418,16418
44,48,1,16171,16171
44,50,0,16365,16365
44,50,1,16102,16102
44,52,0,16422,16422
44,52,1,16208,16208
44,54,0,16365,16365
44,54,1,16183,16183
44,56,0,16298,16298
44,56,1,16274,16274
44,58,0,16320,16320
44,58,1,16111,16111
44,60,0,16365,16365
44,60,1,16221,16221
44,62,0,16408,16408
44,62,1,16113,16113
46,0,0,16693,0
46,0,1,16217,0
46,2,0,16658,0
46,2,1,16211,0
46,4,0,16609,0
46,4,1,16188,0
46,6,0,16678,0
46,6,1,16034,0
46,8,0,16725,0
46,8,1,16078,0
46,10,0,16672,0
46,10,1,15964,0
46,12,0,16656,16
46,12,1,16002,19
46,14,0,16513,113
46,14,1,15984,143
46,16,0,16626,517
46,16,1,16069,599
46,18,0,16631,1454
46,18,1,16029,1585
46,20,0,16672,2826
46,20,1,16192,3242
46,22,0,16737,5150
46,22,1,16147,5208
46,24,0,16488,7808
46,24,1,16112,7979
46,26,0,16549,10828
46,26,1,16156,10802
46,28,0,16646,13456
46,28,1,16103,12906
46,30,0,16315,15279
46,30,1,16114,14660
46,32,0,16424,16149
46,32,1,16169,15788
46,34,0,16357,16327
46,34,1,16200,16172
46,36,0,16318,16317
46,36,1,16135,16135
46,38,0,16305,16305
46,38,1,16147,16147
46,40,0,16295,16295
46,40,1,16102,16102
46,42,0,16219,16219
46,42,1,16133,16133
46,44,0,16317,16317
46,44,1,16161,16161
46,46,0,16358,16358
46,46,1,16110,16110
46,48,0,16393,16393
46,48,1,16139,16139
46,50,0,16343,16343
46,50,1,16048,16048
46,52,0,16394,16394
46,52,1,16212,16212
46,54,0,16506,16506
46,54,1,16063,16063
46,56,0,16301,16301
46,56,1,16187,16187
46,58,0,16332,16332
46,58,1,16085,16085
46,60,0,16305,16305
46,60,1,16137,16137
46,62,0,16244,16244
46,62,1,16229,16229
48,0,0,16637,0
48,0,1,16133,0
48,2,0,16572,0
48,2,1,16115,0
48,4,0,16640,0
48,4,1,16123,0
48,6,0,16613,0
48,6,1,16148,0
48,8,0,16663,0
48,8,1,16218,0
48,10,0,16668,1
48,10,1,16149,1
48,12,0,16587,14
48,12,1,16090,24
48,14,0,16603,112
48,14,1,16191,127
48,16,0,16780,479
48,16,1,16119,602
48,18,0,16605,1401
48,18,1,16117,1633
48,20,0,16588,2888
48,20,1,16132,3206
48,22,0,16580,5212
48,22,1,16230,5251
48,24,0,16543,7995
48,24,1,16118,7925
48,26,0,16706,11147
48,26,1,16157,10788
48,28,0,16366,13839
48,28,1,16094,13017
48,30,0,16373,15397
48,30,1,16094,14786
48,32,0,16438,16144
48,32,1,15956,15685
48,34,0,16300,16265
48,34,1,16012,15981
48,36,0,16322,16322
48,36,1,16050,16050
48,38,0,16450,16450
48,38,1,15998,15998
48,40,0,16335,16335
48,40,1,16096,16096
48,42,0,16389,16389
48,42,1,16137,16137
48,44,0,16406,16406
48,44,1,16221,16221
48,46,0,16444,16444
48,46,1,16170,16170
48,48,0,16376,16376
48,48,1,16100,16100
48,50,0,16500,16500
48,50,1,16198,16198
48,52,0,16322,16322
48,52,1,16148,16148
48,54,0,16302,16302
48,54,1,16168,16168
48,56,0,16124,16124
48,56,1,16220,16220
48,58,0,16446,16446
48,58,1,16066,16066
48,60,0,16255,16255
48,60,1,16055,16055
48,62,0,16332,16332
48,62,1,16105,16105
50,0,0,16487,0
50,0,1,16068,0
50,2,0,16620,0
50,2,1,16111,0
50,4,0,16679,0
50,4,1,16088,0
50,6,0,16696,0
50,6,1,16162,0
50,8,0,16676,0
50,8,1,16052,0
50,10,0,16827,1
50,10,1,16213,3
50,12,0,16650,32
50,12,1,16101,13
50,14,0,16660,108
50,14,1,16171,145
50,16,0,16629,467
50,16,1,16088,533
50,18,0,16650,1376
50,18,1,16081,1538
50,20,0,16560,2963
50,20,1,16203,3019
50,22,0,16763,5235
50,22,1,16007,5222
50,24,0,16602,8160
50,24,1,16132,7844
50,26,0,16634,11034
50,26,1,16093,10602
50,28,0,16696,13680
50,28,1,16186,12927
50,30,0,16378,15223
50,30,1,16063,14737
50,32,0,16308,16041
50,32,1,16118,15789
50,34,0,16364,16336
50,34,1,16186,16148
50,36,0,16334,16334
50,36,1,16132,16131
50,38,0,16339,16339
50,38,1,16189,16189
50,40,0,16378,16378
50,40,1,16126,16126
50,42,0,16285,16285
50,42,1,16172,16172
50,44,0,16402,16402
50,44,1,16177,16177
50,46,0,16381,16381
50,46,1,16315,16315
50,48,0,16473,16473
50,48,1,16088,16088
50,50,0,16319,16319
50,50,1,16058,16058
50,52,0,16379,16379
50,52,1,16100,16100
50,54,0,16360,16360
50,54,1,16181,16181
50,56,0,16356,16356
50,56,1,16117,16117
50,58,0,16274,16274
50,58,1,16097,16097
50,60,0,16272,16272
50,60,1,16137,16137
50,62,0,16421,16421
50,62,1,16092,16092
52,0,0,16666,0
52,0,1,16056,0
52,2,0,16628,0
52,2,1,16110,0
52,4,0,16655,0
52,4,1,15969,0
52,6,0,16680,0
52,6,1,16112,0
52,8,0,16666,0
52,8,1,16190,0
52,10,0,16647,2
52,10,1,16145,0
52,12,0,16753,16
52,12,1,16007,14
52,14,0,16739,111
52,14,1,16052,135
52,16,0,16615,522
52,16,1,16141,552
52,18,0,16576,1433
52,18,1,16039,1535
52,20,0,16548,3000
52,20,1,16035,3099
52,22,0,16663,5585
52,22,1,16125,5187
52,24,0,16534,7954
52,24,1,16181,7625
52,26,0,16569,11067
52,26,1,16056,10337
52,28,0,16258,13703
52,28,1,16160,12940
52,30,0,16592,15429
52,30,1,16032,14505
52,32,0,16249,16014
52,32,1,15993,15599
52,34,0,16397,16363
52,34,1,16122,16095
52,36,0,16347,16347
52,36,1,16008,16007
52,38,0,16284,16284
52,38,1,16129,16129
52,40,0,16247,16247
52,40,1,16119,16119
52,42,0,16310,16310
52,42,1,16113,16113
52,44,0,16353,16353
52,44,1,16023,16023
52,46,0,16269,16269
52,46,1,16115,16115
52,48,0,16445,16445
52,48,1,16193,16193
52,50,0,16441,16441
52,50,1,16277,16277
52,52,0,16337,16337
52,52,1,16136,16136
52,54,0,16287,16287
52,54,1,16260,16260
52,56,0,16420,16420
52,56,1,16078,16078
52,58,0,16379,16379
52,58,1,16105,16105
52,60,0,16459,16459
52,60,1,16067,16067
52,62,0,16368,16368
52,62,1,16114,16114
54,0,0,16651,0
54,0,1,16180,0
54,2,0,16586,0
54,2,1,16108,0
54,4,0,16622,0
54,4,1,16141,0
54,6,0,16681,0
54,6,1,16097,0
54,8,0,16551,0
54,8,1,16062,0
54,10,0,16582,0
54,10,1,16122,0
54,12,0,16624,19
54,12,1,16081,22
54,14,0,16586,107
54,14,1,16188,147
54,16,0,16707,500
54,16,1,16134,570
54,18,0,16648,1423
54,18,1,16214,1587
54,20,0,16732,3090
54,20,1,16089,3079
54,22,0,16635,5117
54,22,1,16164,5136
54,24,0,16734,7980
54,24,1,16077,7688
54,26,0,16643,11191
54,26,1,16154,10648
54,28,0,16660,13584
54,28,1,16218,13026
54,30,0,16352,15273
54,30,1,16162,14717
54,32,0,16378,16089
54,32,1,16132,15753
54,34,0,16410,16374
54,34,1,16138,16081
54,36,0,16402,16400
54,36,1,16163,16163
54,38,0,16294,16294
54,38,1,16103,16103
54,40,0,16398,16398
54,40,1,16072,16072
54,42,0,16473,16473
54,42,1,16210,16210
54,44,0,16427,16427
54,44,1,15973,15973
54,46,0,16333,16333
54,46,1,16157,16157
54,48,0,16355,16355
54,48,1,16207,16207
54,50,0,16392,16392
54,50,1,16017,16017
54,52,0,16480,16480
54,52,1,16128,16128
54,54,0,16257,16257
54,54,1,16160,16160
54,56,0,16268,16268
54,56,1,15975,15975
54,58,0,16246,16246
54,58,1,16106,16106
54,60,0,16461,16461
54,60,1,16156,16156
54,62,0,16416,16416
54,62,1,16118,16118
56,0,0,16608,0
56,0,1,16185,0
56,2,0,16687,0
56,2,1,16137,0
56,4,0,16644,0
56,4,1,16070,0
56,6,0,16571,0
56,6,1,16031,0
56,8,0,16595,0
56,8,1,16214,0
56,10,0,16625,2
56,10,1,16218,1
56,12,0,16749,14
56,12,1,16114,21
56,14,0,16626,126
56,14,1,16129,130
56,16,0,16694,498
56,16,1,16105,608
56,18,0,16660,1408
56,18,1,16138,1443
56,20,0,16759,2974
56,20,1,16131,3079
56,22,0,16640,5181
56,22,1,16073,5177
56,24,0,16698,8018
56,24,1,16157,7826
56,26,0,16552,10928
56,26,1,16167,10615
56,28,0,16373,13775
56,28,1,16270,12874
56,30,0,16333,15364
56,30,1,16078,14663
56,32,0,16439,16161
56,32,1,16046,15678
56,34,0,16369,16339
56,34,1,16018,15990
56,36,0,16287,16287
56,36,1,16050,16048
56,38,0,16519,16519
56,38,1,16179,16179
56,40,0,16270,16270
56,40,1,16130,16130
56,42,0,16281,16281
56,42,1,16213,16213
56,44,0,16412,16412
56,44,1,16039,16039
56,46,0,16306,16306
56,46,1,16155,16155
56,48,0,16306,16306
56,48,1,16142,16142
56,50,0,16321,16321
56,50,1,16118,16118
56,52,0,16367,16367
56,52,1,16030,16030
56,54,0,16371,16371
56,54,1,16173,16173
56,56,0,16419,16419
56,56,1,16197,16197
56,58,0,16261,16261
56,58,1,16015,16015
56,60,0,16292,16292
56,60,1,16137,16137
56,62,0,16364,16364
56,62,1,16136,16136
58,0,0,16625,0
58,0,1,16094,0
58,2,0,16646,0
58,2,1,16114,0
58,4,0,16721,0
58,4,1,16047,0
58,6,0,16718,0
58,6,1,16192,0
58,8,0,16664,0
58,8,1,16020,0
58,10,0,16679,0
58,10,1,16209,0
58,12,0,16657,14
58,12,1,16194,17
58,14,0,16739,88
58,14,1,16038,147
58,16,0,16634,477
58,16,1,16109,579
58,18,0,16623,1431
58,18,1,16094,1496
58,20,0,16721,2979
58,20,1,16075,3034
58,22,0,16611,5181
58,22,1,16138,4986
58,24,0,16606,7883
58,24,1,16110,7854
58,26,0,16481,10830
58,26,1,16271,10692
58,28,0,16716,13848
58,28,1,16198,13000
58,30,0,16636,15368
58,30,1,16080,14610
58,32,0,16507,16255
58,32,1,16102,15781
58,34,0,16434,16402
58,34,1,16110,16081
58,36,0,16322,16322
58,36,1,16106,16106
58,38,0,16386,16386
58,38,1,16163,16163
58,40,0,16298,16298
58,40,1,16053,16053
58,42,0,16369,16369
58,42,1,16108,16108
58,44,0,16237,16237
58,44,1,15961,15961
58,46,0,16281,16281
58,46,1,16061,16061
58,48,0,16237,16237
58,48,1,16052,16052
58,50,0,16389,16389
58,50,1,16145,16145
58,52,0,16405,16405
58,52,1,16130,16130
58,54,0,16579,16579
58,54,1,16242,16242
58,56,0,16409,16409
58,56,1,16237,16237
58,58,0,16348,16348
58,58,1,16135,16135
58,60,0,16299,16299
58,60,1,16095,16095
58,62,0,16333,16333
58,62,1,16138,16138
60,0,0,16718,0
60,0,1,16208,0
60,2,0,16603,0
60,2,1,16094,0
60,4,0,16716,0
60,4,1,16185,0
60,6,0,16629,0
60,6,1,16157,0
60,8,0,16614,0
60,8,1,16202,0
60,10,0,16621,0
60,10,1,16120,0
60,12,0,16552,15
60,12,1,16210,24
60,14,0,16645,103
60,14,1,16107,125
60,16,0,16676,476
60,16,1,16131,512
60,18,0,16704,1422
60,18,1,16047,1563
60,20,0,16735,3229
60,20,1,16239,3135
60,22,0,16604,5229
60,22,1,16164,5174
60,24,0,16656,8040
60,24,1,16147,7735
60,26,0,16622,11280
60,26,1,16203,10581
60,28,0,16544,13769
60,28,1,16185,12678
60,30,0,16126,15178
60,30,1,16178,14812
60,32,0,16555,16266
60,32,1,16168,15844
60,34,0,16392,16370
60,34,1,16193,16159
60,36,0,16389,16389
60,36,1,16281,16281
60,38,0,16424,16424
60,38,1,16252,16252
60,40,0,16347,16347
60,40,1,16167,16167
60,42,0,16419,16419
60,42,1,16094,16094
60,44,0,16534,16534
60,44,1,16184,16184
60,46,0,16364,16364
60,46,1,16217,16217
60,48,0,16306,16306
60,48,1,15928,15928
60,50,0,16348,16348
60,50,1,16126,16126
60,52,0,16411,16411
60,52,1,16066,16066
60,54,0,16406,16406
60,54,1,16013,16013
60,56,0,16197,16197
60,56,1,16213,16213
60,58,0,16375,16375
60,58,1,16095,16095
60,60,0,16372,16372
60,60,1,16007,16007
60,62,0,16355,16355
60,62,1,16251,16251
62,0,0,16630,0
62,0,1,15996,0
62,2,0,16692,0
62,2,1,16232,0
62,4,0,16644,0
62,4,1,16172,0
62,6,0,16708,0
62,6,1,16074,0
62,8,0,16632,0
62,8,1,16179,0
62,10,0,16613,1
62,10,1,16098,0
62,12,0,16626,20
62,12,1,16158,15
62,14,0,16527,95
62,14,1,16162,162
62,16,0,16740,475
62,16,1,16085,504
62,18,0,16687,1389
62,18,1,16179,1578
62,20,0,16610,2930
62,20,1,16159,3199
62,22,0,16591,5058
62,22,1,16075,5103
62,24,0,16712,8000
62,24,1,16126,7858
62,26,0,16657,11120
62,26,1,16134,10431
62,28,0,16534,13671
62,28,1,16049,12959
62,30,0,16411,15400
62,30,1,16113,14762
62,32,0,16407,16124
62,32,1,16214,15859
62,34,0,16300,16279
62,34,1,16179,16157
62,36,0,16315,16315
62,36,1,16127,16127
62,38,0,16385,16385
62,38,1,16104,16104
62,40,0,16276,16276
62,40,1,16318,16318
62,42,0,16377,16377
62,42,1,16267,16267
62,44,0,16377,16377
62,44,1,16263,16263
62,46,0,16297,16297
62,46,1,16129,16129
62,48,0,16289,16289
62,48,1,16077,16077
62,50,0,16307,16307
62,50,1,16197,16197
62,52,0,16549,16549
62,52,1,16026,16026
62,54,0,16506,16506
62,54,1,16096,16096
62,56,0,16339,16339
62,56,1,16177,16177
62,58,0,16257,16257
62,58,1,16102,16102
62,60,0,16375,16375
62,60,1,16024,16024
62,62,0,16304,16304
62,62,1,16013,16013
64,0,0,16706,0
64,0,1,16168,0
64,2,0,16704,0
64,2,1,16123,0
64,4,0,16584,0
64,4,1,16112,0
64,6,0,16605,0
64,6,1,16045,0
64,8,0,16651,0
64,8,1,16090,0
64,10,0,16706,1
64,10,1,16178,2
64,12,0,16677,16
64,12,1,16053,15
64,14,0,16670,121
64,14,1,16033,132
64,16,0,16709,447
64,16,1,16154,543
64,18,0,16679,1338
64,18,1,16187,1527
64,20,0,16605,2948
64,20,1,16154,3115
64,22,0,16675,5085
64,22,1,16083,5032
64,24,0,16635,7856
64,24,1,16258,7919
64,26,0,16652,10850
64,26,1,16126,10572
64,28,0,16690,13513
64,28,1,16125,12849
64,30,0,16330,15153
64,30,1,16231,14642
64,32,0,16516,16171
64,32,1,16184,15777
64,34,0,16386,16364
64,34,1,16077,16041
64,36,0,16350,16350
64,36,1,16149,16147
64,38,0,16452,16452
64,38,1,16239,16239
64,40,0,16492,16492
64,40,1,16050,16050
64,42,0,16395,16395
64,42,1,16042,16042
64,44,0,16282,16282
64,44,1,16144,16144
64,46,0,16299,16299
64,46,1,16097,16097
64,48,0,16286,16286
64,48,1,16181,16181
64,50,0,16374,16374
64,50,1,16153,16153
64,52,0,16461,16461
64,52,1,16146,16146
64,54,0,16381,16381
64,54,1,16154,16154
64,56,0,16259,16259
64,56,1,16273,16273
64,58,0,16379,16379
64,58,1,16116,16116
64,60,0,16401,16401
64,60,1,16003,16003
64,62,0,16202,16202
64,62,1,16228,16228
66,0,0,16735,0
66,0,1,16213,0
66,2,0,16713,0
66,2,1,16141,0
66,4,0,16629,0
66,4,1,16079,0
66,6,0,16672,0
66,6,1,16143,0
66,8,0,16557,0
66,8,1,16145,0
66,10,0,16596,1
66,10,1,16147,0
66,12,0,16604,13
66,12,1,16042,13
66,14,0,16629,127
66,14,1,16098,140
66,16,0,16714,445
66,16,1,15943,539
66,18,0,16731,1442
66,18,1,16082,1538
66,20,0,16692,3027
66,20,1,16186,3133
66,22,0,16722,5352
66,22,1,16214,5226
66,24,0,16579,8157
66,24,1,16193,7924
66,26,0,16801,11398
66,26,1,16046,10557
66,28,0,16628,13706
66,28,1,16159,13065
66,30,0,16295,15236
66,30,1,16170,14774
66,32,0,16390,16068
66,32,1,16200,15829
66,34,0,16359,16327
66,34,1,16137,16111
66,36,0,16424,16423
66,36,1,16047,16047
66,38,0,16228,16228
66,38,1,16123,16123
66,40,0,16451,16451
66,40,1,16223,16223
66,42,0,16307,16307
66,42,1,16164,16164
66,44,0,16323,16323
66,44,1,16081,16081
66,46,0,16425,16425
66,46,1,16137,16137
66,48,0,16459,16459
66,48,1,16242,16242
66,50,0,16344,16344
66,50,1,16098,16098
66,52,0,16324,16324
66,52,1,16225,16225
66,54,0,16481,16481
66,54,1,16019,16019
66,56,0,16277,16277
66,56,1,15996,15996
66,58,0,16539,16539
66,58,1,16181,16181
66,60,0,16380,16380
66,60,1,16152,16152
66,62,0,16418,16418
66,62,1,16072,16072
68,0,0,16699,0
68,0,1,16200,0
68,2,0,16579,0
68,2,1,16099,0
68,4,0,16448,0
68,4,1,16179,0
68,6,0,16570,0
68,6,1,16115,0
68,8,0,16723,0
68,8,1,16149,0
68,10,0,16703,1
68,10,1,16097,1
68,12,0,16658,12
68,12,1,16087,24
68,14,0,16717,120
68,14,1,16101,130
68,16,0,16753,505
68,16,1,16123,563
68,18,0,16645,1477
68,18,1,15985,1504
68,20,0,16528,2898
68,20,1,16140,3111
68,22,0,16647,5269
68,22,1,16207,5187
68,24,0,16604,8095
68,24,1,16167,7813
68,26,0,16705,11143
68,26,1,16085,10311
68,28,0,16735,13706
68,28,1,16098,12916
68,30,0,16350,15202
68,30,1,16242,14864
68,32,0,16402,16122
68,32,1,16112,15803
68,34,0,16273,16233
68,34,1,16042,16023
68,36,0,16435,16435
68,36,1,16023,16023
68,38,0,16423,16423
68,38,1,16221,16221
68,40,0,16465,16465
68,40,1,16218,16218
68,42,0,16396,16396
68,42,1,16138,16138
68,44,0,16390,16390
68,44,1,16146,16146
68,46,0,16344,16344
68,46,1,16202,16202
68,48,0,16186,16186
68,48,1,16068,16068
68,50,0,16300,16300
68,50,1,16270,16270
68,52,0,16331,16331
68,52,1,16067,16067
68,54,0,16483,16483
68,54,1,16018,16018
68,56,0,16367,16367
68,56,1,16080,16080
68,58,0,16361,16361
68,58,1,16067,16067
68,60,0,16267,16267
68,60,1,16085,16085
68,62,0,16210,16210
68,62,1,16276,16276
70,0,0,16642,0
70,0,1,16131,0
70,2,0,16610,0
70,2,1,16240,0
70,4,0,16628,0
70,4,1,16238,0
70,6,0,16663,0
70,6,1,16053,0
70,8,0,16587,0
70,8,1,16218,0
70,10,0,16632,1
70,10,1,16053,0
70,12,0,16543,20
70,12,1,16070,28
70,14,0,16669,100
70,14,1,16134,138
70,16,0,16659,427
70,16,1,16143,623
70,18,0,16622,1368
70,18,1,16094,1586
70,20,0,16646,2908
70,20,1,16073,3042
70,22,0,16577,5001
70,22,1,16104,5223
70,24,0,16750,8123
70,24,1,16205,7781
70,26,0,16551,10889
70,26,1,16078,10565
70,28,0,16765,13613
70,28,1,16194,13032
70,30,0,16451,15356
70,30,1,15957,14678
70,32,0,16387,16101
70,32,1,16099,15777
70,34,0,16459,16430
70,34,1,16095,16072
70,36,0,16360,16360
70,36,1,16137,16137
70,38,0,16407,16407
70,38,1,16176,16176
70,40,0,16194,16194
70,40,1,16166,16166
70,42,0,16323,16323
70,42,1,16189,16189
70,44,0,16339,16339
70,44,1,16118,16118
70,46,0,16383,16383
70,46,1,16027,16027
70,48,0,16371,16371
70,48,1,16103,16103
70,50,0,16281,16281
70,50,1,16140,16140
70,52,0,16300,16300
70,52,1,16035,16035
70,54,0,16407,16407
70,54,1,16014,16014
70,56,0,16284,16284
70,56,1,16130,16130
70,58,0,16316,16316
70,58,1,16117,16117
70,60,0,16393,16393
70,60,1,16201,16201
70,62,0,16352,16352
70,62,1,16171,16171
72,0,0,16551,0
72,0,1,16151,0
72,2,0,16650,0
72,2,1,16211,0
72,4,0,16726,0
72,4,1,16140,0
72,6,0,16626,0
72,6,1,16066,0
72,8,0,16742,0
72,8,1,16124,0
72,10,0,16740,3
72,10,1,16179,0
72,12,0,16643,19
72,12,1,16202,20
72,14,0,16627,106
72,14,1,16109,149
72,16,0,16565,435
72,16,1,16017,608
72,18,0,16607,1282
72,18,1,16098,1610
72,20,0,16724,2956
72,20,1,16183,3219
72,22,0,16690,5083
72,22,1,16134,5301
72,24,0,16655,7956
72,24,1,16173,8030
72,26,0,16762,11410
72,26,1,16094,10468
72,28,0,16710,13645
72,28,1,16085,12968
72,30,0,16267,15170
72,30,1,16185,14875
72,32,0,16257,15951
72,32,1,16119,15780
72,34,0,16228,16203
72,34,1,16189,16175
72,36,0,16360,16359
72,36,1,16077,16077
72,38,0,16268,16268
72,38,1,16169,16169
72,40,0,16442,16442
72,40,1,16157,16157
72,42,0,16511,16511
72,42,1,16004,16004
72,44,0,16334,16334
72,44,1,16157,16157
72,46,0,16335,16335
72,46,1,16139,16139
72,48,0,16337,16337
72,48,1,16136,16136
72,50,0,16400,16400
72,50,1,16093,16093
72,52,0,16335,16335
72,52,1,16133,16133
72,54,0,16388,16388
72,54,1,16067,16067
72,56,0,16387,16387
72,56,1,16190,16190
72,58,0,16267,16267
72,58,1,16079,16079
72,60,0,16306,16306
72,60,1,16108,16108
72,62,0,16592,16592
72,62,1,16029,16029
74,0,0,16624,0
74,0,1,16256,0
74,2,0,16595,0
74,2,1,16032,0
74,4,0,16604,0
74,4,1,16016,0
74,6,0,16632,0
74,6,1,16073,0
74,8,0,16620,0
74,8,1,16113,0
74,10,0,16623,1
74,10,1,16085,0
74,12,0,16673,18
74,12,1,16090,11
74,14,0,16825,115
74,14,1,16177,143
74,16,0,16646,430
74,16,1,16131,622
74,18,0,16641,1393
74,18,1,16240,1662
74,20,0,16639,2955
74,20,1,15997,3214
74,22,0,16690,5126
74,22,1,16125,5166
74,24,0,16675,8060
74,24,1,16054,7811
74,26,0,16660,10840
74,26,1,16149,10487
74,28,0,16545,13530
74,28,1,16125,12785
74,30,0,16366,15264
74,30,1,16121,14666
74,32,0,16420,16107
74,32,1,16190,15832
74,34,0,16434,16405
74,34,1,16074,16041
74,36,0,16259,16259
74,36,1,16077,16077
74,38,0,16355,16355
74,38,1,16107,16107
74,40,0,16408,16408
74,40,1,16022,16022
74,42,0,16413,16413
74,42,1,16093,16093
74,44,0,16390,16390
74,44,1,16169,16169
74,46,0,16328,16328
74,46,1,16055,16055
74,48,0,16223,16223
74,48,1,15976,15976
74,50,0,16342,16342
74,50,1,16180,16180
74,52,0,16294,16294
74,52,1,16094,16094
74,54,0,16285,16285
74,54,1,15976,15976
74,56,0,16375,16375
74,56,1,16071,16071
74,58,0,16375,16375
74,58,1,16249,16249
74,60,0,16366,16366
74,60,1,15962,15962
74,62,0,16331,16331
74,62,1,16043,16043
76,0,0,16724,0
76,0,1,16147,0
76,2,0,16579,0
76,2,1,16194,0
76,4,0,16627,0
76,4,1,16181,0
76,6,0,16707,0
76,6,1,16001,0
76,8,0,16619,0
76,8,1,16140,0
76,10,0,16603,2
76,10,1,16242,1
76,12,0,16694,24
76,12,1,16161,25
76,14,0,16655,117
76,14,1,16092,133
76,16,0,16607,471
76,16,1,16154,618
76,18,0,16616,1286
76,18,1,16043,1644
76,20,0,16720,2993
76,20,1,16111,3160
76,22,0,16677,5137
76,22,1,16108,5122
76,24,0,16640,8193
76,24,1,16063,7871
76,26,0,16572,10867
76,26,1,16116,10836
76,28,0,16523,13379
76,28,1,16150,13033
76,30,0,16435,15255
76,30,1,16065,14520
76,32,0,16483,16220
76,32,1,16123,15784
76,34,0,16251,16229
76,34,1,16151,16132
76,36,0,16348,16348
76,36,1,16108,16108
76,38,0,16326,16326
76,38,1,16086,16086
76,40,0,16397,16397
76,40,1,16104,16104
76,42,0,16287,16287
76,42,1,16153,16153
76,44,0,16390,16390
76,44,1,15981,15981
76,46,0,16409,16409
76,46,1,16057,16057
76,48,0,16275,16275
76,48,1,16104,16104
76,50,0,16215,16215
76,50,1,16260,16260
76,52,0,16480,16480
76,52,1,16187,16187
76,54,0,16259,16259
76,54,1,16180,16180
76,56,0,16446,16446
76,56,1,16191,16191
76,58,0,16350,16350
76,58,1,16080,16080
76,60,0,16403,16403
76,60,1,16280,16280
76,62,0,16285,16285
76,62,1,16165,16165
78,0,0,16631,0
78,0,1,16044,0
78,2,0,16769,0
78,2,1,16216,0
78,4,0,16660,0
78,4,1,16096,0
78,6,0,16725,0
78,6,1,16174,0
78,8,0,16614,0
78,8,1,16127,0
78,10,0,16731,1
78,10,1,16176,2
78,12,0,16621,18
78,12,1,16148,16
78,14,0,16629,108
78,14,1,16110,158
78,16,0,16676,454
78,16,1,16206,617
78,18,0,16600,1385
78,18,1,16082,1556
78,20,0,16659,2894
78,20,1,16130,3213
78,22,0,16673,5334
78,22,1,16137,5071
78,24,0,16606,8128
78,24,1,16147,7753
78,26,0,16583,11152
78,26,1,16183,10666
78,28,0,16491,13442
78,28,1,16072,12836
78,30,0,16269,15216
78,30,1,16138,14796
78,32,0,16364,16110
78,32,1,16054,15642
78,34,0,16422,16397
78,34,1,16232,16215
78,36,0,16386,16385
78,36,1,16109,16108
78,38,0,16463,16463
78,38,1,16153,16153
78,40,0,16458,16458
78,40,1,16284,16284
78,42,0,16422,16422
78,42,1,15991,15991
78,44,0,16219,16219
78,44,1,16117,16117
78,46,0,16317,16317
78,46,1,16082,16082
78,48,0,16251,16251
78,48,1,16207,16207
78,50,0,16265,16265
78,50,1,16020,16020
78,52,0,16365,16365
78,52,1,16081,16081
78,54,0,16367,16367
78,54,1,16082,16082
78,56,0,16297,16297
78,56,1,16206,16206
78,58,0,16333,16333
78,58,1,16156,16156
78,60,0,16370,16370
78,60,1,16155,16155
78,62,0,16410,16410
78,62,1,16119,16119
80,0,0,16651,0
80,0,1,16058,0
80,2,0,16644,0
80,2,1,16190,0
80,4,0,16693,0
80,4,1,16075,0
80,6,0,16702,0
80,6,1,16186,0
80,8,0,16705,0
80,8,1,16109,0
80,10,0,16601,2
80,10,1,16218,1
80,12,0,16531,22
80,12,1,16186,22
80,14,0,16738,133
80,14,1,16224,124
80,16,0,16676,482
80,16,1,16054,565
80,18,0,16687,1404
80,18,1,16080,1507
80,20,0,16645,2991
80,20,1,16091,3056
80,22,0,16664,5309
80,22,1,16182,5044
80,24,0,16671,7876
80,24,1,16091,7953
80,26,0,16685,11031
80,26,1,16182,10686
80,28,0,16720,13797
80,28,1,16244,12882
80,30,0,16397,15289
80,30,1,16101,14718
80,32,0,16394,16147
80,32,1,16106,15728
80,34,0,16387,16347
80,34,1,16129,16095
80,36,0,16409,16409
80,36,1,16200,16199
80,38,0,16447,16447
80,38,1,16105,16105
80,40,0,16518,16518
80,40,1,16089,16089
80,42,0,16296,16296
80,42,1,16256,16256
80,44,0,16380,16380
80,44,1,16106,16106
80,46,0,16339,16339
80,46,1,16179,16179
80,48,0,16319,16319
80,48,1,16247,16247
80,50,0,16391,16391
80,50,1,16124,16124
80,52,0,16305,16305
80,52,1,16014,16014
80,54,0,16412,16412
80,54,1,16169,16169
80,56,0,16294,16294
80,56,1,16250,16250
80,58,0,16299,16299
80,58,1,16151,16151
80,60,0,16513,16513
80,60,1,16046,16046
80,62,0,16257,16257
80,62,1,16148,16148
82,0,0,16652,0
82,0,1,16108,0
82,2,0,16536,0
82,2,1,16025,0
82,4,0,16656,0
82,4,1,16181,0
82,6,0,16625,0
82,6,1,16180,0
82,8,0,16539,0
82,8,1,16169,0
82,10,0,16715,1
82,10,1,16085,2
82,12,0,16574,17
82,12,1,16083,17
82,14,0,16538,123
82,14,1,16119,123
82,16,0,16723,428
82,16,1,16101,565
82,18,0,16685,1449
82,18,1,16068,1645
82,20,0,16522,2915
82,20,1,16125,3191
82,22,0,16554,5313
82,22,1,15975,5067
82,24,0,16747,8393
82,24,1,16112,7742
82,26,0,16740,11194
82,26,1,16230,10574
82,28,0,16683,13656
82,28,1,16023,12682
82,30,0,16269,15232
82,30,1,16000,14608
82,32,0,16551,16266
82,32,1,16049,15679
82,34,0,16335,16299
82,34,1,16148,16124
82,36,0,16318,16318
82,36,1,16134,16134
82,38,0,16377,16377
82,38,1,16167,16167
82,40,0,16344,16344
82,40,1,16234,16234
82,42,0,16387,16387
82,42,1,15986,15986
82,44,0,16374,16374
82,44,1,16121,16121
82,46,0,16296,16296
82,46,1,16137,16137
82,48,0,16427,16427
82,48,1,16129,16129
82,50,0,16434,16434
82,50,1,16131,16131
82,52,0,16377,16377
82,52,1,16297,16297
82,54,0,16413,16413
82,54,1,16081,16081
82,56,0,16339,16339
82,56,1,15936,15936
82,58,0,16379,16379
82,58,1,16082,16082
82,60,0,16483,16483
82,60,1,16055,16055
82,62,0,16557,16557
82,62,1,16086,16086
84,0,0,16625,0
84,0,1,16093,0
84,2,0,16649,0
84,2,1,16158,0
84,4,0,16618,0
84,4,1,16308,0
84,6,0,16629,0
84,6,1,16111,0
84,8,0,16638,0
84,8,1,16155,0
84,10,0,16727,0
84,10,1,16147,1
84,12,0,16584,20
84,12,1,16078,23
84,14,0,16560,120
84,14,1,16059,143
84,16,0,16545,450
84,16,1,16058,553
84,18,0,16750,1415
84,18,1,16138,1569
84,20,0,16502,2891
84,20,1,16098,3124
84,22,0,16690,5322
84,22,1,16149,5214
84,24,0,16732,8011
84,24,1,16108,8033
84,26,0,16631,11194
84,26,1,16089,10652
84,28,0,16311,13603
84,28,1,16081,12754
84,30,0,16345,15338
84,30,1,16191,14836
84,32,0,16510,16206
84,32,1,16026,15693
84,34,0,16286,16265
84,34,1,16124,16102
84,36,0,16352,16352
84,36,1,16051,16051
84,38,0,16406,16406
84,38,1,16083,16083
84,40,0,16283,16283
84,40,1,16112,16112
84,42,0,16492,16492
84,42,1,16035,16035
84,44,0,16222,16222
84,44,1,16133,16133
84,46,0,16370,16370
84,46,1,16204,16204
84,48,0,16439,16439
84,48,1,15980,15980
84,50,0,16471,16471
84,50,1,16202,16202
84,52,0,16286,16286
84,52,1,16156,16156
84,54,0,16329,16329
84,54,1,16048,16048
84,56,0,16370,16370
84,56,1,16141,16141
84,58,0,16487,16487
84,58,1,16130,16130
84,60,0,16371,16371
84,60,1,16073,16073
84,62,0,16396,16396
84,62,1,16097,16097
86,0,0,16689,0
86,0,1,16143,0
86,2,0,16682,0
86,2,1,16117,0
86,4,0,16785,0
86,4,1,16159,0
86,6,0,16717,0
86,6,1,16113,0
86,8,0,16577,0
86,8,1,16028,0
86,10,0,16677,0
86,10,1,16086,1
86,12,0,16752,19
86,12,1,16204,28
86,14,0,16592,93
86,14,1,16179,141
86,16,0,16617,489
86,16,1,16193,587
86,18,0,16710,1353
86,18,1,16246,1632
86,20,0,16601,2899
86,20,1,16053,3074
86,22,0,16502,5329
86,22,1,16120,5160
86,24,0,16671,8103
86,24,1,16026,7615
86,26,0,16640,11063
86,26,1,16242,10656
86,28,0,16687,13838
86,28,1,16040,12926
86,30,0,16349,15354
86,30,1,15962,14534
86,32,0,16328,16043
86,32,1,16161,15866
86,34,0,16361,16324
86,34,1,16112,16083
86,36,0,16487,16487
86,36,1,16065,16065
86,38,0,16384,16384
86,38,1,16113,16113
86,40,0,16478,16478
86,40,1,16084,16084
86,42,0,16338,16338
86,42,1,16121,16121
86,44,0,16399,16399
86,44,1,16118,16118
86,46,0,16381,16381
86,46,1,16174,16174
86,48,0,16284,16284
86,48,1,16062,16062
86,50,0,16409,16409
86,50,1,16065,16065
86,52,0,16502,16502
86,52,1,16069,16069
86,54,0,16336,16336
86,54,1,16146,16146
86,56,0,16386,16386
86,56,1,16158,16158
86,58,0,16237,16237
86,58,1,16139,16139
86,60,0,16369,16369
86,60,1,16031,16031
86,62,0,16463,16463
86,62,1,16096,16096
88,0,0,16580,0
88,0,1,16114,0
88,2,0,16704,0
88,2,1,16151,0
88,4,0,16713,0
88,4,1,16178,0
88,6,0,16623,0
88,6,1,16075,0
88,8,0,16573,0
88,8,1,16129,0
88,10,0,16630,0
88,10,1,16139,0
88,12,0,16590,12
88,12,1,16162,26
88,14,0,16666,136
88,14,1,16206,132
88,16,0,16601,493
88,16,1,16134,598
88,18,0,16621,1382
88,18,1,16062,1549
88,20,0,16630,2978
88,20,1,16086,3175
88,22,0,16579,5261
88,22,1,16155,5204
88,24,0,16617,8379
88,24,1,16234,8228
88,26,0,16563,10799
88,26,1,16165,10558
88,28,0,16620,13650
88,28,1,16010,12942
88,30,0,16368,15394
88,30,1,16141,14785
88,32,0,16355,16051
88,32,1,16106,15719
88,34,0,16396,16373
88,34,1,16149,16122
88,36,0,16361,16361
88,36,1,16159,16159
88,38,0,16486,16486
88,38,1,16063,16063
88,40,0,16453,16453
88,40,1,16138,16138
88,42,0,16364,16364
88,42,1,16164,16164
88,44,0,16417,16417
88,44,1,16065,16065
88,46,0,16301,16301
88,46,1,15987,15987
88,48,0,16414,16414
88,48,1,15958,15958
88,50,0,16342,16342
88,50,1,16130,16130
88,52,0,16324,16324
88,52,1,16071,16071
88,54,0,16413,16413
88,54,1,16099,16099
88,56,0,16373,16373
88,56,1,16049,16049
88,58,0,16421,16421
88,58,1,16193,16193
88,60,0,16327,16327
88,60,1,16152,16152
88,62,0,16374,16374
88,62,1,16075,16075
90,0,0,16667,0
90,0,1,16061,0
90,2,0,16672,0
90,2,1,16082,0
90,4,0,16614,0
90,4,1,16110,0
90,6,0,16609,0
90,6,1,16203,0
90,8,0,16618,0
90,8,1,16193,0
90,10,0,16596,1
90,10,1,16069,0
90,12,0,16741,16
90,12,1,16071,22
90,14,0,16601,133
90,14,1,16124,154
90,16,0,16719,483
90,16,1,16153,581
90,18,0,16700,1393
90,18,1,16125,1632
90,20,0,16624,2891
90,20,1,16204,3277
90,22,0,16640,5198
90,22,1,16106,5228
90,24,0,16655,8220
90,24,1,16085,7846
90,26,0,16615,11218
90,26,1,16076,10387
90,28,0,16661,13596
90,28,1,16060,12975
90,30,0,16392,15368
90,30,1,16272,14908
90,32,0,16337,16083
90,32,1,16112,15778
90,34,0,16458,16432
90,34,1,16169,16134
90,36,0,16380,16380
90,36,1,16089,16089
90,38,0,16502,16502
90,38,1,16043,16043
90,40,0,16377,16377
90,40,1,16105,16105
90,42,0,16293,16293
90,42,1,16091,16091
90,44,0,16413,16413
90,44,1,16104,16104
90,46,0,16402,16402
90,46,1,16031,16031
90,48,0,16213,16213
90,48,1,16148,16148
90,50,0,16396,16396
90,50,1,16163,16163
90,52,0,16502,16502
90,52,1,16209,16209
90,54,0,16269,16269
90,54,1,16071,16071
90,56,0,16282,16282
90,56,1,16036,16036
90,58,0,16373,16373
90,58,1,16109,16109
90,60,0,16498,16498
90,60,1,16130,16130
90,62,0,16327,16327
90,62,1,16041,16041
92,0,0,16691,0
92,0,1,16093,0
92,2,0,16694,0
92,2,1,16133,0
92,4,0,16640,0
92,4,1,16089,0
92,6,0,16600,0
92,6,1,16120,0
92,8,0,16628,0
92,8,1,16205,0
92,10,0,16598,2
92,10,1,16093,0
92,12,0,16627,23
92,12,1,16025,16
92,14,0,16574,110
92,14,1,16200,152
92,16,0,16645,471
92,16,1,16160,573
92,18,0,16647,1310
92,18,1,16096,1687
92,20,0,16532,3050
92,20,1,16157,3326
92,22,0,16566,5134
92,22,1,16155,5215
92,24,0,16658,8107
92,24,1,16130,7914
92,26,0,16762,11205
92,26,1,16149,10708
92,28,0,16225,13641
92,28,1,16172,13109
92,30,0,16409,15398
92,30,1,16139,14858
92,32,0,16246,15962
92,32,1,16227,15902
92,34,0,16386,16363
92,34,1,16157,16139
92,36,0,16284,16284
92,36,1,16071,16070
92,38,0,16397,16397
92,38,1,16028,16028
92,40,0,16465,16465
92,40,1,16095,16095
92,42,0,16479,16479
92,42,1,15967,15967
92,44,0,16372,16372
92,44,1,16104,16104
92,46,0,16442,16442
92,46,1,16213,16213
92,48,0,16536,16536
92,48,1,16168,16168
92,50,0,16262,16262
92,50,1,16075,16075
92,52,0,16407,16407
92,52,1,16242,16242
92,54,0,16321,16321
92,54,1,16216,16216
92,56,0,16340,16340
92,56,1,16084,16084
92,58,0,16318,16318
92,58,1,16057,16057
92,60,0,16514,16514
92,60,1,16120,16120
92,62,0,16457,16457
92,62,1,16104,16104
94,0,0,16785,0
94,0,1,16071,0
94,2,0,16641,0
94,2,1,16247,0
94,4,0,16572,0
94,4,1,16174,0
94,6,0,16673,0
94,6,1,16089,0
94,8,0,16619,0
94,8,1,16103,0
94,10,0,16581,2
94,10,1,16177,1
94,12,0,16711,20
94,12,1,16170,22
94,14,0,16579,114
94,14,1,15995,122
94,16,0,16545,492
94,16,1,16130,623
94,18,0,16740,1512
94,18,1,16064,1653
94,20,0,16647,2965
94,20,1,16180,3100
94,22,0,16726,5362
94,22,1,16051,5256
94,24,0,16563,8127
94,24,1,16112,8052
94,26,0,16744,11328
94,26,1,16090,10794
94,28,0,16628,13625
94,28,1,16146,13276
94,30,0,16324,15272
94,30,1,16229,14868
94,32,0,16362,16113
94,32,1,16163,15852
94,34,0,16286,16262
94,34,1,16033,16009
94,36,0,16336,16335
94,36,1,16136,16136
94,38,0,16454,16454
94,38,1,16122,16122
94,40,0,16209,16209
94,40,1,16074,16074
94,42,0,16427,16427
94,42,1,16124,16124
94,44,0,16379,16379
94,44,1,16069,16069
94,46,0,16445,16445
94,46,1,16283,16283
94,48,0,16299,16299
94,48,1,16123,16123
94,50,0,16230,16230
94,50,1,16044,16044
94,52,0,16428,16428
94,52,1,16232,16232
94,54,0,16418,16418
94,54,1,16230,16230
94,56,0,16344,16344
94,56,1,16121,16121
94,58,0,16320,16320
94,58,1,16115,16115
94,60,0,16273,16273
94,60,1,16075,16075
94,62,0,16358,16358
94,62,1,16115,16115
96,0,0,16697,0
96,0,1,16125,0
96,2,0,16568,0
96,2,1,16112,0
96,4,0,16723,0
96,4,1,16190,0
96,6,0,16551,0
96,6,1,16009,0
96,8,0,16633,0
96,8,1,16231,0
96,10,0,16528,1
96,10,1,16127,0
96,12,0,16600,16
96,12,1,16145,22
96,14,0,16623,116
96,14,1,16083,145
96,16,0,16596,457
96,16,1,16181,581
96,18,0,16695,1438
96,18,1,16162,1654
96,20,0,16737,2913
96,20,1,16035,3247
96,22,0,16647,5305
96,22,1,16141,5278
96,24,0,16695,8044
96,24,1,16030,7877
96,26,0,16708,11261
96,26,1,16236,11084
96,28,0,16229,13715
96,28,1,16135,13259
96,30,0,16417,15363
96,30,1,16133,14764
96,32,0,16393,16130
96,32,1,16134,15793
96,34,0,16413,16387
96,34,1,16163,16141
96,36,0,16245,16245
96,36,1,16123,16123
96,38,0,16320,16320
96,38,1,16088,16088
96,40,0,16302,16302
96,40,1,16127,16127
96,42,0,16346,16346
96,42,1,16156,16156
96,44,0,16486,16486
96,44,1,16036,16036
96,46,0,16449,16449
96,46,1,16195,16195
96,48,0,16334,16334
96,48,1,16034,16034
96,50,0,16264,16264
96,50,1,16071,16071
96,52,0,16378,16378
96,52,1,16050,16050
96,54,0,16376,16376
96,54,1,16135,16135
96,56,0,16429,16429
96,56,1,16188,16188
96,58,0,16336,16336
96,58,1,16071,16071
96,60,0,16443,16443
96,60,1,16114,16114
96,62,0,16365,16365
96,62,1,16142,16142
98,0,0,16641,0
98,0,1,16082,0
98,2,0,16578,0
98,2,1,16081,0
98,4,0,16713,0
98,4,1,16129,0
98,6,0,16617,0
98,6,1,16144,0
98,8,0,16576,0
98,8,1,16230,0
98,10,0,16666,4
98,10,1,16094,1
98,12,0,16769,19
98,12,1,16258,12
98,14,0,16626,130
98,14,1,16228,141
98,16,0,16612,453
98,16,1,16090,545
98,18,0,16702,1308
98,18,1,16125,1554
98,20,0,16601,2897
98,20,1,16174,3109
98,22,0,16722,5294
98,22,1,16177,5292
98,24,0,16758,7977
98,24,1,16100,7773
98,26,0,16640,10763
98,26,1,16163,10413
98,28,0,16549,13499
98,28,1,16067,12764
98,30,0,16306,15208
98,30,1,16062,14545
98,32,0,16399,16129
98,32,1,16290,15906
98,34,0,16336,16300
98,34,1,16019,15986
98,36,0,16294,16294
98,36,1,16061,16060
98,38,0,16334,16334
98,38,1,16163,16163
98,40,0,16481,16481
98,40,1,16017,16017
98,42,0,16374,16374
98,42,1,16193,16193
98,44,0,16401,16401
98,44,1,16110,16110
98,46,0,16451,16451
98,46,1,16144,16144
98,48,0,16266,16266
98,48,1,16068,16068
98,50,0,16322,16322
98,50,1,16238,16238
98,52,0,16363,16363
98,52,1,16216,16216
98,54,0,16385,16385
98,54,1,16182,16182
98,56,0,16311,16311
98,56,1,16190,16190
98,58,0,16208,16208
98,58,1,16170,16170
98,60,0,16207,16207
98,60,1,16045,16045
98,62,0,16325,16325
98,62,1,16087,16087
100,0,0,16659,0
100,0,1,16126,0
100,2,0,16664,0
100,2,1,16055,0
100,4,0,16627,0
100,4,1,16075,0
100,6,0,16676,0
100,6,1,15980,0
100,8,0,16663,0
100,8,1,16084,0
100,10,0,16562,2
100,10,1,16254,0
100,12,0,16611,18
100,12,1,16153,14
100,14,0,16746,110
100,14,1,16115,116
100,16,0,16546,475
100,16,1,16172,576
100,18,0,16622,1350
100,18,1,16101,1490
100,20,0,16656,2815
100,20,1,16054,3214
100,22,0,16629,5227
100,22,1,16130,5223
100,24,0,16667,8204
100,24,1,16022,7980
100,26,0,16628,11144
100,26,1,16142,10608
100,28,0,16554,13514
100,28,1,16019,12836
100,30,0,16325,15194
100,30,1,16123,14876
100,32,0,16370,16082
100,32,1,16132,15723
100,34,0,16512,16482
100,34,1,16087,16050
100,36,0,16336,16336
100,36,1,16085,16085
100,38,0,16389,16389
100,38,1,16138,16138
100,40,0,16392,16392
100,40,1,16057,16057
100,42,0,16275,16275
100,42,1,16027,16027
100,44,0,16416,16416
100,44,1,16041,16041
100,46,0,16441,16441
100,46,1,16141,16141
100,48,0,16475,16475
100,48,1,15964,15964
100,50,0,16387,16387
100,50,1,16167,16167
100,52,0,16317,16317
100,52,1,16200,16200
100,54,0,16396,16396
100,54,1,16041,16041
100,56,0,16405,16405
100,56,1,16193,16193
100,58,0,16300,16300
100,58,1,16051,16051
100,60,0,16419,16419
100,60,1,16100,16100
100,62,0,16410,16410
100,62,1,16072,16072
102,0,0,16679,0
102,0,1,15991,0
102,2,0,16780,0
102,2,1,16151,0
102,4,0,16598,0
102,4,1,16111,0
102,6,0,16642,0
102,6,1,16077,0
102,8,0,16659,0
102,8,1,16076,0
102,10,0,16682,1
102,10,1,16129,0
102,12,0,16487,11
102,12,1,16126,23
102,14,0,16622,102
102,14,1,16020,125
102,16,0,16611,479
102,16,1,16144,571
102,18,0,16561,1458
102,18,1,16025,1561
102,20,0,16518,2903
102,20,1,16226,3130
102,22,0,16624,5451
102,22,1,16044,5473
102,24,0,16691,8298
102,24,1,16140,7778
102,26,0,16609,11281
102,26,1,16131,10680
102,28,0,16577,13704
102,28,1,16145,12853
102,30,0,16245,15218
102,30,1,16043,14649
102,32,0,16305,16059
102,32,1,16187,15831
102,34,0,16394,16360
102,34,1,16154,16119
102,36,0,16229,16229
102,36,1,16310,16310
102,38,0,16302,16302
102,38,1,16175,16175
102,40,0,16158,16158
102,40,1,16213,16213
102,42,0,16370,16370
102,42,1,16127,16127
102,44,0,16412,16412
102,44,1,16094,16094
102,46,0,16340,16340
102,46,1,16082,16082
102,48,0,16368,16368
102,48,1,16164,16164
102,50,0,16311,16311
102,50,1,16110,16110
102,52,0,16435,16435
102,52,1,16165,16165
102,54,0,16395,16395
102,54,1,16090,16090
102,56,0,16270,16270
102,56,1,16082,16082
102,58,0,16441,16441
102,58,1,16126,16126
102,60,0,16313,16313
102,60,1,16269,16269
102,62,0,16307,16307
102,62,1,16198,16198
104,0,0,16502,0
104,0,1,16247,0
104,2,0,16660,0
104,2,1,16134,0
104,4,0,16514,0
104,4,1,16235,0
104,6,0,16615,0
104,6,1,16117,0
104,8,0,16525,0
104,8,1,16159,0
104,10,0,16712,3
104,10,1,16176,0
104,12,0,16621,13
104,12,1,16219,19
104,14,0,16435,107
104,14,1,16161,150
104,16,0,16697,519
104,16,1,16167,586
104,18,0,16600,1347
104,18,1,16193,1509
104,20,0,16627,3027
104,20,1,16109,3074
104,22,0,16664,5236
104,22,1,15932,5053
104,24,0,16662,8187
104,24,1,16250,7815
104,26,0,16741,11018
104,26,1,16259,10710
104,28,0,16660,13653
104,28,1,16238,13033
104,30,0,16398,15245
104,30,1,16091,14667
104,32,0,16387,16120
104,32,1,16186,15828
104,34,0,16426,16396
104,34,1,16105,16077
104,36,0,16295,16295
104,36,1,16209,16208
104,38,0,16297,16297
104,38,1,16086,16086
104,40,0,16433,16433
104,40,1,16170,16170
104,42,0,16282,16282
104,42,1,16131,16131
104,44,0,16483,16483
104,44,1,16137,16137
104,46,0,16248,16248
104,46,1,16162,16162
104,48,0,16425,16425
104,48,1,16084,16084
104,50,0,16373,16373
104,50,1,16126,16126
104,52,0,16292,16292
104,52,1,16172,16172
104,54,0,16370,16370
104,54,1,16042,16042
104,56,0,16425,16425
104,56,1,16015,16015
104,58,0,16341,16341
104,58,1,16153,16153
104,60,0,16398,16398
104,60,1,16165,16165
104,62,0,16292,16292
104,62,1,16067,16067
106,0,0,16669,0
106,0,1,16086,0
106,2,0,16630,0
106,2,1,16187,0
106,4,0,16746,0
106,4,1,16060,0
106,6,0,16593,0
106,6,1,16210,0
106,8,0,16653,0
106,8,1,16158,0
106,10,0,16642,2
106,10,1,16064,0
106,12,0,16713,13
106,12,1,16004,13
106,14,0,16654,101
106,14,1,16108,126
106,16,0,16589,475
106,16,1,16084,584
106,18,0,16639,1474
106,18,1,16129,1620
106,20,0,16624,2900
106,20,1,16182,3186
106,22,0,16642,5481
106,22,1,16093,5287
106,24,0,16693,8026
106,24,1,16142,7822
106,26,0,16708,11165
106,26,1,16091,10813
106,28,0,16732,13822
106,28,1,15987,12857
106,30,0,16293,15246
106,30,1,16129,14774
106,32,0,16428,16145
106,32,1,15999,15696
106,34,0,16331,16302
106,34,1,16106,16085
106,36,0,16279,16278
106,36,1,16212,16212
106,38,0,16296,16296
106,38,1,16217,16217
106,40,0,16335,16335
106,40,1,16102,16102
106,42,0,16400,16400
106,42,1,16070,16070
106,44,0,16285,16285
106,44,1,16176,16176
106,46,0,16328,16328
106,46,1,16237,16237
106,48,0,16294,16294
106,48,1,16001,16001
106,50,0,16273,16273
106,50,1,16255,16255
106,52,0,16340,16340
106,52,1,16035,16035
106,54,0,16312,16312
106,54,1,16082,16082
106,56,0,16264,16264
106,56,1,16038,16038
106,58,0,16484,16484
106,58,1,16122,16122
106,60,0,16435,16435
106,60,1,16165,16165
106,62,0,16302,16302
106,62,1,16062,16062
108,0,0,16651,0
108,0,1,16081,0
108,2,0,16651,0
108,2,1,16233,0
108,4,0,16578,0
108,4,1,16127,0
108,6,0,16655,0
108,6,1,16054,0
108,8,0,16623,0
108,8,1,16081,0
108,10,0,16603,2
108,10,1,16147,1
108,12,0,16636,8
108,12,1,16078,17
108,14,0,16806,119
108,14,1,16019,128
108,16,0,16611,556
108,16,1,16144,554
108,18,0,16730,1459
108,18,1,16083,1593
108,20,0,16625,3193
108,20,1,16118,3313
108,22,0,16707,5290
108,22,1,16070,5363
108,24,0,16675,8467
108,24,1,16079,7710
108,26,0,16801,11242
108,26,1,16186,10823
108,28,0,16511,13482
108,28,1,16095,13113
108,30,0,16344,15346
108,30,1,16109,14688
108,32,0,16327,16116
108,32,1,16172,15810
108,34,0,16254,16233
108,34,1,16009,15974
108,36,0,16204,16204
108,36,1,16030,16030
108,38,0,16358,16358
108,38,1,16205,16205
108,40,0,16212,16212
108,40,1,16090,16090
108,42,0,16318,16318
108,42,1,16157,16157
108,44,0,16457,16457
108,44,1,16032,16032
108,46,0,16459,16459
108,46,1,16202,16202
108,48,0,16380,16380
108,48,1,16093,16093
108,50,0,16367,16367
108,50,1,16107,16107
108,52,0,16457,16457
108,52,1,16140,16140
108,54,0,16443,16443
108,54,1,16086,16086
108,56,0,16335,16335
108,56,1,16059,16059
108,58,0,16376,16376
108,58,1,15995,15995
108,60,0,16393,16393
108,60,1,16104,16104
108,62,0,16411,16411
108,62,1,16073,16073
110,0,0,16620,0
110,0,1,16231,0
110,2,0,16679,0
110,2,1,16097,0
110,4,0,16749,0
110,4,1,16159,0
110,6,0,16529,0
110,6,1,16065,0
110,8,0,16608,0
110,8,1,16143,0
110,10,0,16666,0
110,10,1,16098,1
110,12,0,16542,21
110,12,1,16199,13
110,14,0,16575,122
110,14,1,16142,129
110,16,0,16653,484
110,16,1,16182,581
110,18,0,16661,1397
110,18,1,16145,1609
110,20,0,16648,3117
110,20,1,16101,3274
110,22,0,16696,5132
110,22,1,16062,5207
110,24,0,16625,8075
110,24,1,16169,7766
110,26,0,16699,10990
110,26,1,16132,10693
110,28,0,16671,13712
110,28,1,16128,12981
110,30,0,16346,15312
110,30,1,16123,14685
110,32,0,16270,16011
110,32,1,16146,15794
110,34,0,16494,16466
110,34,1,16051,16017
110,36,0,16407,16407
110,36,1,16135,16135
110,38,0,16340,16340
110,38,1,16075,16075
110,40,0,16379,16379
110,40,1,16078,16078
110,42,0,16371,16371
110,42,1,16042,16042
110,44,0,16313,16313
110,44,1,16057,16057
110,46,0,16368,16368
110,46,1,16152,16152
110,48,0,16344,16344
110,48,1,16150,16150
110,50,0,16438,16438
110,50,1,16057,16057
110,52,0,16370,16370
110,52,1,16193,16193
110,54,0,16388,16388
110,54,1,16137,16137
110,56,0,16330,16330
110,56,1,16169,16169
110,58,0,16339,16339
110,58,1,16164,16164
110,60,0,16288,16288
110,60,1,16032,16032
110,62,0,16431,16431
110,62,1,16039,16039
112,0,0,16615,0
112,0,1,16183,0
112,2,0,16573,0
112,2,1,16143,0
112,4,0,16555,0
112,4,1,16136,0
112,6,0,16687,0
112,6,1,16069,0
112,8,0,16601,0
112,8,1,16157,0
112,10,0,16555,1
112,10,1,16070,1
112,12,0,16692,24
112,12,1,16198,14
112,14,0,16599,124
112,14,1,16142,133
112,16,0,16650,490
112,16,1,16100,555
112,18,0,16737,1542
112,18,1,15977,1576
112,20,0,16647,3066
112,20,1,16115,3298
112,22,0,16668,5353
112,22,1,16148,5289
112,24,0,16616,8189
112,24,1,16228,7997
112,26,0,16528,11084
112,26,1,16200,10615
112,28,0,16567,13744
112,28,1,16084,12741
112,30,0,16480,15372
112,30,1,16125,14758
112,32,0,16368,16089
112,32,1,16078,15719
112,34,0,16233,16208
112,34,1,16111,16091
112,36,0,16358,16358
112,36,1,16152,16152
112,38,0,16233,16233
112,38,1,16066,16066
112,40,0,16267,16267
112,40,1,16172,16172
112,42,0,16549,16549
112,42,1,16079,16079
112,44,0,16323,16323
112,44,1,15958,15958
112,46,0,16375,16375
112,46,1,16020,16020
112,48,0,16382,16382
112,48,1,16063,16063
112,50,0,16393,16393
112,50,1,16127,16127
112,52,0,16462,16462
112,52,1,16225,16225
112,54,0,16384,16384
112,54,1,16131,16131
112,56,0,16396,16396
112,56,1,16093,16093
112,58,0,16210,16210
112,58,1,16192,16192
112,60,0,16280,16280
112,60,1,16050,16050
112,62,0,16387,16387
112,62,1,16187,16187
114,0,0,16678,0
114,0,1,16110,0
114,2,0,16712,0
114,2,1,16079,0
114,4,0,16657,0
114,4,1,16061,0
114,6,0,16638,0
114,6,1,16123,0
114,8,0,16723,0
114,8,1,16194,0
114,10,0,16606,1
114,10,1,16110,1
114,12,0,16548,18
114,12,1,16138,20
114,14,0,16576,133
114,14,1,16278,159
114,16,0,16606,497
114,16,1,16238,555
114,18,0,16615,1384
114,18,1,16089,1622
114,20,0,16578,2952
114,20,1,16054,3140
114,22,0,16644,5324
114,22,1,16219,5293
114,24,0,16649,8088
114,24,1,16224,7977
114,26,0,16604,11107
114,26,1,16087,10841
114,28,0,16285,13706
114,28,1,16234,13180
114,30,0,16444,15394
114,30,1,16071,14961
114,32,0,16424,16180
114,32,1,16195,15840
114,34,0,16272,16250
114,34,1,16225,16203
114,36,0,16339,16339
114,36,1,16106,16106
114,38,0,16440,16440
114,38,1,16181,16181
114,40,0,16285,16285
114,40,1,16015,16015
114,42,0,16390,16390
114,42,1,16102,16102
114,44,0,16275,16275
114,44,1,16096,16096
114,46,0,16348,16348
114,46,1,16148,16148
114,48,0,16577,16577
114,48,1,16086,16086
114,50,0,16251,16251
114,50,1,16113,16113
114,52,0,16293,16293
114,52,1,16170,16170
114,54,0,16225,16225
114,54,1,16184,16184
114,56,0,16466,16466
114,56,1,16119,16119
114,58,0,16376,16376
114,58,1,16085,16085
114,60,0,16373,16373
114,60,1,16140,16140
114,62,0,16361,16361
114,62,1,16084,16084
116,0,0,16662,0
116,0,1,16116,0
116,2,0,16654,0
116,2,1,16123,0
116,4,0,16740,0
116,4,1,16121,0
116,6,0,16666,0
116,6,1,16104,0
116,8,0,16631,0
116,8,1,16080,0
116,10,0,16560,2
116,10,1,16182,1
116,12,0,16713,19
116,12,1,16071,25
116,14,0,16649,121
116,14,1,16178,137
116,16,0,16581,469
116,16,1,16097,619
116,18,0,16629,1318
116,18,1,16171,1668
116,20,0,16672,2906
116,20,1,16098,3212
116,22,0,16715,5328
116,22,1,16092,5395
116,24,0,16688,8649
116,24,1,16152,7819
116,26,0,16679,11013
116,26,1,16033,10586
116,28,0,16520,13565
116,28,1,16118,13148
116,30,0,16273,15330
116,30,1,16033,14752
116,32,0,16414,16147
116,32,1,16177,15858
116,34,0,16473,16450
116,34,1,16233,16207
116,36,0,16518,16518
116,36,1,16014,16014
116,38,0,16416,16416
116,38,1,16031,16031
116,40,0,16381,16381
116,40,1,16056,16056
116,42,0,16468,16468
116,42,1,16103,16103
116,44,0,16368,16368
116,44,1,16175,16175
116,46,0,16378,16378
116,46,1,16118,16118
116,48,0,16419,16419
116,48,1,16118,16118
116,50,0,16205,16205
116,50,1,16042,16042
116,52,0,16314,16314
116,52,1,16153,16153
116,54,0,16499,16499
116,54,1,16050,16050
116,56,0,16430,16430
116,56,1,15946,15946
116,58,0,16347,16347
116,58,1,16085,16085
116,60,0,16310,16310
116,60,1,16064,16064
116,62,0,16406,16406
116,62,1,16135,16135
118,0,0,16659,0
118,0,1,16118,0
118,2,0,16566,0
118,2,1,16035,0
118,4,0,16801,0
118,4,1,16168,0
118,6,0,16444,0
118,6,1,15962,0
118,8,0,16649,0
118,8,1,16244,0
118,10,0,16707,0
118,10,1,16066,1
118,12,0,16615,14
118,12,1,16192,20
118,14,0,16660,116
118,14,1,16205,134
118,16,0,16600,458
118,16,1,15957,596
118,18,0,16663,1393
118,18,1,16176,1726
118,20,0,16750,2955
118,20,1,16021,3166
118,22,0,16580,5175
118,22,1,16144,5251
118,24,0,16793,8281
118,24,1,16289,8098
118,26,0,16645,11169
118,26,1,16220,10728
118,28,0,16493,13490
118,28,1,16233,13236
118,30,0,16365,15401
118,30,1,16281,14996
118,32,0,16396,16113
118,32,1,16183,15862
118,34,0,16426,16398
118,34,1,16174,16161
118,36,0,16403,16401
118,36,1,16166,16166
118,38,0,16261,16261
118,38,1,16062,16062
118,40,0,16362,16362
118,40,1,16127,16127
118,42,0,16528,16528
118,42,1,16067,16067
118,44,0,16416,16416
118,44,1,16017,16017
118,46,0,16469,16469
118,46,1,16096,16096
118,48,0,16362,16362
118,48,1,16084,16084
118,50,0,16181,16181
118,50,1,16118,16118
118,52,0,16379,16379
118,52,1,16086,16086
118,54,0,16484,16484
118,54,1,16060,16060
118,56,0,16504,16504
118,56,1,16034,16034
118,58,0,16358,16358
118,58,1,16204,16204
118,60,0,16373,16373
118,60,1,16106,16106
118,62,0,16355,16355
118,62,1,16047,16047
120,0,0,16609,0
120,0,1,16228,0
120,2,0,16492,0
120,2,1,16115,0
120,4,0,16647,0
120,4,1,16081,0
120,6,0,16614,0
120,6,1,16174,0
120,8,0,16598,0
120,8,1,16037,0
120,10,0,16608,0
120,10,1,16011,0
120,12,0,16659,19
120,12,1,16104,26
120,14,0,16695,99
120,14,1,16110,136
120,16,0,16584,440
120,16,1,15927,571
120,18,0,16691,1435
120,18,1,16166,1599
120,20,0,16737,2882
120,20,1,16092,3186
120,22,0,16683,5213
120,22,1,16152,5331
120,24,0,16548,7969
120,24,1,16054,7658
120,26,0,16536,10887
120,26,1,16121,10431
120,28,0,16635,13723
120,28,1,16093,12908
120,30,0,16372,15320
120,30,1,16077,14619
120,32,0,16355,16098
120,32,1,16180,15842
120,34,0,16537,16509
120,34,1,16256,16216
120,36,0,16351,16351
120,36,1,16172,16171
120,38,0,16250,16250
120,38,1,16079,16079
120,40,0,16428,16428
120,40,1,16094,16094
120,42,0,16480,16480
120,42,1,16168,16168
120,44,0,16315,16315
120,44,1,16149,16149
120,46,0,16529,16529
120,46,1,16114,16114
120,48,0,16441,16441
120,48,1,16105,16105
120,50,0,16400,16400
120,50,1,16103,16103
120,52,0,16267,16267
120,52,1,16087,16087
120,54,0,16244,16244
120,54,1,16051,16051
120,56,0,16439,16439
120,56,1,16150,16150
120,58,0,16404,16404
120,58,1,16194,16194
120,60,0,16341,16341
120,60,1,16147,16147
120,62,0,16373,16373
120,62,1,16175,16175
122,0,0,16679,0
122,0,1,16100,0
122,2,0,16814,0
122,2,1,16124,0
122,4,0,16648,0
122,4,1,16193,0
122,6,0,16559,0
122,6,1,16257,0
122,8,0,16735,0
122,8,1,16241,0
122,10,0,16566,0
122,10,1,16215,0
122,12,0,16622,17
122,12,1,16049,15
122,14,0,16577,107
122,14,1,16194,135
122,16,0,16656,457
122,16,1,16166,610
122,18,0,16694,1383
122,18,1,16256,1711
122,20,0,16768,3002
122,20,1,16075,3092
122,22,0,16558,5115
122,22,1,16104,5043
122,24,0,16556,8047
122,24,1,16081,7986
122,26,0,16773,11210
122,26,1,16234,10615
122,28,0,16566,13557
122,28,1,16076,13004
122,30,0,16263,15202
122,30,1,16054,14708
122,32,0,16405,16097
122,32,1,16181,15824
122,34,0,16385,16360
122,34,1,16173,16135
122,36,0,16294,16294
122,36,1,16074,16074
122,38,0,16370,16370
122,38,1,16210,16210
122,40,0,16330,16330
122,40,1,16101,16101
122,42,0,16370,16370
122,42,1,16140,16140
122,44,0,16316,16316
122,44,1,16197,16197
122,46,0,16326,16326
122,46,1,16146,16146
122,48,0,16429,16429
122,48,1,16088,16088
122,50,0,16271,16271
122,50,1,16162,16162
122,52,0,16281,16281
122,52,1,16097,16097
122,54,0,16497,16497
122,54,1,16163,16163
122,56,0,16331,16331
122,56,1,16151,16151
122,58,0,16367,16367
122,58,1,16236,16236
122,60,0,16354,16354
122,60,1,16026,16026
122,62,0,16355,16355
122,62,1,16024,16024
124,0,0,16588,0
124,0,1,16186,0
124,2,0,16646,0
124,2,1,16205,0
124,4,0,16519,0
124,4,1,16158,0
124,6,0,16512,0
124,6,1,16164,0
124,8,0,16654,0
124,8,1,16238,0
124,10,0,16564,0
124,10,1,16033,0
124,12,0,16765,17
124,12,1,16138,25
124,14,0,16778,109
124,14,1,16100,145
124,16,0,16659,492
124,16,1,16092,591
124,18,0,16531,1404
124,18,1,16167,1603
124,20,0,16580,3124
124,20,1,16095,3069
124,22,0,16687,5164
124,22,1,16003,5290
124,24,0,16675,8055
124,24,1,16095,7670
124,26,0,16494,10898
124,26,1,16184,10622
124,28,0,16615,13436
124,28,1,16077,12933
124,30,0,16342,15286
124,30,1,16016,14682
124,32,0,16309,16054
124,32,1,15993,15614
124,34,0,16257,16237
124,34,1,16087,16068
124,36,0,16460,16460
124,36,1,16088,16088
124,38,0,16414,16414
124,38,1,16153,16153
124,40,0,16312,16312
124,40,1,16071,16071
124,42,0,16256,16256
124,42,1,16139,16139
124,44,0,16399,16399
124,44,1,16099,16099
124,46,0,16298,16298
124,46,1,16110,16110
124,48,0,16343,16343
124,48,1,16048,16048
124,50,0,16389,16389
124,50,1,16087,16087
124,52,0,16341,16341
124,52,1,16204,16204
124,54,0,16398,16398
124,54,1,16221,16221
124,56,0,16432,16432
124,56,1,16177,16177
124,58,0,16252,16252
124,58,1,16090,16090
124,60,0,16312,16312
124,60,1,16062,16062
124,62,0,16351,16351
124,62,1,16041,16041
126,0,0,16754,0
126,0,1,16125,0
126,2,0,16744,0
126,2,1,16100,0
126,4,0,16685,0
126,4,1,16144,0
126,6,0,16494,0
126,6,1,16134,0
126,8,0,16686,0
126,8,1,16033,0
126,10,0,16700,0
126,10,1,16136,0
126,12,0,16630,17
126,12,1,16168,14
126,14,0,16541,104
126,14,1,16116,135
126,16,0,16566,476
126,16,1,16138,565
126,18,0,16613,1345
126,18,1,16065,1661
126,20,0,16660,2929
126,20,1,16073,3155
126,22,0,16738,5291
126,22,1,16133,5304
126,24,0,16635,8023
126,24,1,16114,7788
126,26,0,16601,10878
126,26,1,15971,10469
126,28,0,16686,13596
126,28,1,16065,12886
126,30,0,16426,15377
126,30,1,16143,14725
126,32,0,16431,16127
126,32,1,16200,15858
126,34,0,16200,16172
126,34,1,16076,16057
126,36,0,16299,16299
126,36,1,16213,16213
126,38,0,16337,16337
126,38,1,16118,16118
126,40,0,16329,16329
126,40,1,16166,16166
126,42,0,16352,16352
126,42,1,16053,16053
126,44,0,16386,16386
126,44,1,16054,16054
126,46,0,16445,16445
126,46,1,16256,16256
126,48,0,16352,16352
126,48,1,16055,16055
126,50,0,16303,16303
126,50,1,16187,16187
126,52,0,16373,16373
126,52,1,16051,16051
126,54,0,16414,16414
126,54,1,16134,16134
126,56,0,16383,16383
126,56,1,16154,16154
126,58,0,16337,16337
126,58,1,16169,16169
126,60,0,16332,16332
126,60,1,16202,16202
126,62,0,16300,16300
126,62,1,16108,16108
